Journal_FM;ISSN;SJR_bin2017
American Economic Journal: Applied Economics;19457782;A+
American Economic Journal: Macroeconomics;19457707;A+
American Economic Review;00028282;A+
Econometrica;00129682;A+
Journal Of Economic Literature;00220515;A+
Journal Of Finance;00221082;A+
Journal Of Financial Economics;0304405X;A+
Journal Of Political Economy;00223808;A+
Quarterly Journal Of Economics;00335533;A+
Review Of Economic Studies;00346527;A+
Review Of Financial Studies;08939454;A+
American Economic Journal: Economic Policy;19457731;A
American Economic Journal: Microeconomics;19457669;A
American Political Science Review;00030554;A
Annual Review Of Economics;19411383;A
Annual Review Of Financial Economics;19411367;A
Economic Journal;00130133;A
Foundations And Trends In Finance;15672395;A
Handbook of Economic Forecasting;15740706;A
International Economic Review;00206598;A
International Organization;00208183;A
Journal Of Accounting And Economics;01654101;A
Journal Of Accounting Research;00218456;A
Journal Of Consumer Research;00935301;A
Journal Of Development Economics;03043878;A
Journal Of Economic Growth;13814338;A
Journal Of Economic Perspectives;08953309;A
Journal Of Financial And Quantitative Analysis;00221090;A
Journal Of Human Resources;0022166X;A
Journal Of International Business Studies Jibs;00472506;A
Journal Of International Economics;00221996;A
Journal Of Labor Economics;0734306X;A
Journal Of Marketing;00222429;A
Journal Of Marketing Research;00222437;A
Journal Of Monetary Economics;03043932;A
Journal Of The European Economic Association;15424766;A
Journal Of The Royal Statistical Society. Series B Statistical Methodology;13697412;A
Management Science;00251909;A
Manufacturing And Service Operations Management;15234614;A
Marketing Science;07322399;A
Review Of Economics And Statistics;00346535;A
Review of Finance (formerly: European Finance Review);15723097;A
Theoretical Economics;15557561;A
Accounting Review;00014826;B
Brookings Papers On Economic Activity;00072303;B
Contemporary Accounting Research/Recherche Comptable Contemporaine;08239150;B
Demography;00703370;B
Econometric Theory;02664666;B
Economic Geography;00130095;B
Economic Policy;02664658;B
Economic Policy (formerly: Economic Policy: A European Forum);2664658;B
Economic Systems Research;09535314;B
Energy Economics;01409883;B
European Journal Of International Relations;13540661;B
European Journal Of Operational Research Ejor;03772217;B
International Journal Of Urban And Regional Research;03091317;B
Journal Of Applied Econometrics;08837252;B
Journal Of Business And Economic Statistics;07350015;B
Journal Of Common Market Studies;00219886;B
Journal Of Conflict Resolution;00220027;B
Journal Of Econometrics;03044076;B
Journal Of Economic Geography;14682702;B
Journal Of Economic Theory;00220531;B
Journal Of Environmental Economics And Management;00950696;B
Journal Of Financial Intermediation;10429573;B
Journal Of Financial Markets;13864181;B
Journal Of Health Economics;01676296;B
Journal Of Money, Credit And Banking;00222879;B
Journal Of Peace Research;00223433;B
Journal Of Public Economics;00472727;B
Journal Of The American Statistical Association;01621459;B
Journal Of Urban Economics;00941190;B
Journal of Travel Research;472875;B
Operations Research;0030364X;B
Production And Operations Management;10591478;B
Public Administration Review;00333352;B
Quantitative Economics;17597323;B
Quarterly Journal Of Political Science;15540626;B
Rand Journal Of Economics (Formerly: Bell Journal Of Economics);07416261;B
Research Policy;00487333;B
Review Of Accounting Studies;13806653;B
Review Of Economic Dynamics;10942025;B
Review Of Environmental Economics And Policy;17506816;B
The Review Of International Organizations;15597431;B
Transportation Research Part B: Methodological;01912615;B
Water Resources Research;00431397;B
Yale Law Journal;00440094;B
4OR: A Quarterly Journal of Operations Research (formerly: 4OR: Quarterly Journal of the Belgian, French and Italian Operations Research Societies);16194500;C
Agricultural Economics;01695150;C
American Journal Of Agricultural Economics;00029092;C
Annals Of The American Academy Of Political And Social Science;00027162;C
Annual Review Of Resource Economics;19411340;C
Applied Geography;01436228;C
British Journal Of Industrial Relations;00071080;C
Business Ethics Quarterly (Beq);1052150X;C
California Management Review;00081256;C
Cambridge Journal Of Regions, Economy And Society;17521378;C
China Quarterly;03057410;C
Climate Policy;14693062;C
Conflict Management And Peace Science (Formerly: Journal Of Peace Science);07388942;C
Development And Change;0012155X;C
Dynamic Games And Applications;21530785;C
Early Childhood Research Quarterly;08852006;C
Ecological Economics;09218009;C
Econometric Reviews;07474938;C
Econometrics Journal;13684221;C
Economic Development And Cultural Change;00130079;C
Economic History Review (Formerly: Economic History Review, Second Series);00130117;C
Economic Inquiry (formerly: Western Economic Journal);952583;C
Economic Theory;09382259;C
Economics And Human Biology;1570677X;C
Economics Of Education Review;02727757;C
Economics Of Transportation;22120122;C
Economy And Society;03085147;C
Education Finance and Policy;15573060;C
Emerging Markets Review;15660141;C
Energy;03605442;C
Energy Journal;01956574;C
Energy Policy;03014215;C
Entrepreneurship And Regional Development;08985626;C
Environment And Planning / A;0308518X;C
European Economic Review;00142921;C
European Journal Of Industrial Relations;09596801;C
European Journal Of Population;01686577;C
Experimental Economics;13864157;C
Explorations In Economic History;00144983;C
Finance And Stochastics;09492984;C
Financial Management;00463892;C
Financial Review;07328516;C
Food Policy;03069192;C
Foundations And Trends In Entrepreneurship;15513114;C
Games And Economic Behavior;08998256;C
Global Environmental Politics;15263800;C
Health Economics;10579230;C
Health Policy And Planning;02681080;C
Health Services Research;00179124;C
Housing Studies;02673037;C
Industrial And Corporate Change;09606491;C
Industrial And Labor Relations Review;00197939;C
International Journal Of Central Banking;18154654;C
International Journal Of Forecasting;01692070;C
International Journal Of Game Theory;00207276;C
International Journal Of Industrial Organization;01677187;C
International Journal Of Production Economics;09255273;C
International Journal Of Research In Marketing;01678116;C
International Review Of Comparative Public Policy;0;C
International Review Of Environmental And Resource Economics;19321465;C
Journal Of Agricultural Economics;0021857X;C
Journal Of Banking And Finance;03784266;C
Journal Of Business Research;01482963;C
Journal Of Corporate Finance;09291199;C
Journal Of Economic Behavior And Organization;01672681;C
Journal Of Economic Dynamics And Control;01651889;C
Journal Of Economic History;00220507;C
Journal Of Economic Psychology;01674870;C
Journal Of Economic Surveys;09500804;C
Journal Of Economics And Management Strategy;10586407;C
Journal Of Financial Econometrics;14798409;C
Journal Of Financial Stability;15723089;C
Journal Of Global History;17400228;C
Journal Of Industrial Economics;00221821;C
Journal Of International Economic Law;13693034;C
Journal Of International Money And Finance;02615606;C
Journal Of Law And Economics;00222186;C
Journal Of Law, Economics, And Organization;87566222;C
Journal Of Legal Studies;00472530;C
Journal Of Policy Analysis And Management;02768739;C
Journal Of Population Economics;09331433;C
Journal Of Regional Science;00224146;C
Journal Of Risk And Insurance;00224367;C
Journal Of Risk And Uncertainty;08955646;C
Journal Of Small Business Management (Jsbm);00472778;C
Journal Of Technology Transfer;08929912;C
Journal Of Time Series Analysis;01439782;C
Journal Of Urban Affairs;07352166;C
Journal of World Business (formerly: Columbia Journal of World Business);10909516;C
Journal of the Royal Statistical Society. Series A: Statistics in Society;09641998;C
Judgment And Decision Making;19302975;C
Labour Economics;09275371;C
Land Economics;00237639;C
Latin American Politics and Society (formerly: Journal of Interamerican Studies and World Affairs);1531426X;C
Macroeconomic Dynamics;13651005;C
Mathematical Finance;09601627;C
Michigan Law Review;00262234;C
National Tax Journal;00280283;C
Networks And Spatial Economics;1566113X;C
New Political Economy;13563467;C
Or Spectrum (Formerly: Or Spektrum);01716468;C
Organization And Environment;10860266;C
Oxford Bulletin Of Economics And Statistics (Formerly: Bulletin Of The Institute Of Economics And Statistics (Oxford University));03059049;C
Pharmacoeconomics;11707690;C
Policy Studies Journal;0190292X;C
Population And Development Review;00987921;C
Post-Soviet Affairs (Formerly: Soviet Economy);1060586X;C
Public Choice;00485829;C
Quantitative Marketing And Economics;15707156;C
Regional Studies;00343404;C
"Regulation &Amp Governance""""""";#NV;C
Regulation And Governance;17485983;C
Resource and Energy Economics (formerly: Resources and Energy);09287655;C
Resources Policy;03014207;C
Review Of International Political Economy;09692290;C
Review Of International Studies;02602105;C
Scandinavian Journal Of Economics (Formerly: Swedish Journal Of Economics);03470520;C
Small Business Economics;0921898X;C
Social Service Review;00377961;C
Socio-Economic Review;14751461;C
Statistical Papers (Formerly: Statistische Hefte);09325026;C
Studies in Family Planning;00393665;C
Test;11330686;C
Transportation;00494488;C
Transportation Research Part A: Policy And Practice;09658564;C
Transportation Research Part D: Transport And Environment;13619209;C
Transportation Research Part E: Logistics And Transportation Review (Formerly: Logistics And Transportation Review);13665545;C
Urban Affairs Review;10780874;C
Urban Studies;00420980;C
World Bank Economic Review;02586770;C
World Bank Research Observer;02573032;C
World Development;0305750X;C
Advances In Statistical Analysis And Statistical Computing;#NV;D
African Development Review;10176772;D
Agribusiness;07424477;D
Agricultural And Food Science;14596067;D
Agriculture And Human Values;0889048X;D
American Historical Review;00028762;D
American Law And Economics Review;14657252;D
American Statistician;00031305;D
Annals Of Finance;16142446;D
Annals Of Regional Science;05701864;D
Applied Economic Perspectives and Policy (formerly: Review of Agricultural Economics);20405790;D
Applied Economics;00036846;D
Applied Health Economics And Health Policy;11755652;D
Applied Mathematical Finance;1350486X;D
Aquaculture Economics And Management;13657305;D
Australian Journal Of Management;03128962;D
Australian Journal of Agricultural and Resource Economics (formerly: Australian Journal of Agricultural Economics;1364985X;D
Behavioral Research In Accounting;10504753;D
Business And Politics;13695258;D
Business Economics;0007666X;D
Business History Review;00076805;D
CESifo Economic Studies (formerly: Ifo Studien);1610241X;D
Cambridge Journal Of Economics;0309166X;D
Canadian Journal Of Agricultural Economics;00083976;D
Canadian Journal Of Development Studies;02255189;D
Canadian Journal Of Economics;00084085;D
"Central European Journal Of Operations Research (Formerly: Central European Journal For Operations Research And Economics Czechoslovak Journal For Operations Research)""""""";1435246X;D
China And World Economy;16712234;D
China Economic Review;1043951X;D
Community Development Journal;00103802;D
Competition And Change;10245294;D
Constitutional Political Economy;10434062;D
Decision Analysis;15458490;D
Development Policy Review;09506764;D
Economic And Industrial Democracy;0143831X;D
Economic Development Quarterly;08912424;D
Economic Modelling;02649993;D
Economica;00130427;D
Economics And Philosophy;02662671;D
Economics And Politics;09541985;D
Economics And Sociology;2071789X;D
Economics Letters;01651765;D
Economics Of Innovation And New Technology;10438599;D
Ekonomie a Management;12123609;D
Empirical Economics;03777332;D
Environment And Development Economics;1355770X;D
Environment And Planning / C, Government And Policy;0263774X;D
Environmental And Resource Economics;09246460;D
Environmental Values;09632719;D
European Actuarial Journal;21909733;D
European Business Review;0955534X;D
European Financial Management;13547798;D
European Journal Of Development Research;09578811;D
European Journal Of Finance;1351847X;D
European Journal Of Political Economy;01762680;D
European Journal Of The History Of Economic Thought;09672567;D
European Review Of Agricultural Economics;01651587;D
European Review Of Economic History;13614916;D
Expert Review Of Pharmacoeconomics And Outcomes Research;14737167;D
Federal Reserve Bank Of St. Louis Review;00149187;D
Feminist Economics;13545701;D
Financial Analysts Journal;0015198X;D
Finanzarchiv;00152218;D
Fiscal Studies;01435671;D
Foreign Affairs;00157120;D
Forest Policy And Economics;13899341;D
Foundations And Trends In Accounting;15540642;D
Foundations And Trends In Econometrics;15513076;D
Foundations And Trends In Econometrics;15513076;D
Games;20734336;D
German Economic Review;14656485;D
Global Networks;14702266;D
Growth And Change;00174815;D
Health Care Management Science;13869620;D
Health Economics, Policy And Law;17441331;D
History Of Political Economy;00182702;D
Housing Policy Debate;10511482;D
Human Resource Development Quarterly;10448004;D
Industrial Relations;00198676;D
Industry And Innovation (Formerly: Journal Of Industry Studies);13662716;D
Information Economics And Policy;01676245;D
Insurance: Mathematics And Economics;01676687;D
Interfaces;00922102;D
International Entrepreneurship And Management Journal;15547191;D
International Journal Of Accounting (Formerly: International Journal Of Accounting Education And Research);#NV;D
International Journal Of Energy Economics And Policy;21464553;D
International Journal Of Health Economics And ManagementÂ (Formaly: International Journal Of Health Care Finance And Economics);21999023;D
International Journal Of Theoretical And Applied Finance;02190249;D
International Labour Review;00207780;D
International Regional Science Review;01600176;D
International Review Of Economics And Finance;10590560;D
International Review Of Economics Education;14773880;D
International Review Of Financial Analysis;10575219;D
International Tax And Public Finance;09275940;D
Journal Of Accounting, Auditing And Finance;0148558X;D
Journal Of African Economies;09638024;D
Journal Of Asian Economics;10490078;D
Journal Of Asian Studies;00219118;D
Journal Of Bioeconomics;13876996;D
Journal Of Business Finance And Accounting;0306686X;D
Journal Of Comparative Economics;01475967;D
Journal Of Consumer Policy;01687034;D
Journal Of Cultural Economics;08852545;D
Journal Of Development Studies;00220388;D
Journal Of Economic Inequality;15691721;D
Journal Of Empirical Finance;09275398;D
Journal Of Environment And Development;10704965;D
Journal Of Environmental Planning And Management;09640568;D
Journal Of European Public Policy;13501763;D
Journal Of Evolutionary Economics;09369937;D
Journal Of Financial Services Research;09208550;D
Journal Of Forecasting;02776693;D
Journal Of Forest Economics;11046899;D
Journal Of Futures Markets;02707314;D
Journal Of Geographical Systems (Formerly: Geographical Systems);14355930;D
Journal Of Happiness Studies;13894978;D
Journal Of Health Politics, Policy And Law;03616878;D
Journal Of Higher Education Policy And Management;1360080X;D
Journal Of Housing Economics;10511377;D
Journal Of Human Capital;19328575;D
Journal Of Human Development And Capabilities (Formerly: Journal Of Human Development);19452829;D
Journal Of Institutional Economics;17441374;D
Journal Of International Development;09541748;D
Journal Of International Entrepreneurship;15707385;D
Journal Of International Financial Markets, Institutions And Money;10424431;D
Journal Of Macroeconomics;01640704;D
Journal Of Management Accounting Research;10492127;D
Journal Of Management And Governance;13853457;D
Journal Of Mathematical Economics;03044068;D
Journal Of Mental Health Policy And Economics;10914358;D
Journal Of Neuroscience, Psychology, And Economics;1937321X;D
Journal Of Pension Economics And Finance;14747472;D
Journal Of Policy Modeling;01618938;D
Journal Of Portfolio Management;00954918;D
Journal Of Post Keynesian Economics;01603477;D
Journal Of Productivity Analysis;0895562X;D
Journal Of Property Research;09599916;D
Journal Of Public Economic Theory;14679779;D
Journal Of Real Estate Finance And Economics;08955638;D
Journal Of Real Estate Research;08965803;D
Journal Of Regulatory Economics;0922680X;D
Journal Of The History Of Economic Thought;10427716;D
Journal Of The Knowldege Economy;18687865;D
Journal Of Transport Economics And Policy;00225258;D
Journal Of World Trade (Formerly: Journal Of World Trade Law);10116702;D
Journal of Regional Analysis and Policy (formerly: Regional Science Perspectives);10904999;D
Journal of Theoretical Biology;00225193;D
Journal of the Operational Research Society (formerly: Operational Research Quarterly);1605682;D
Kyklos;00235962;D
Law And Contemporary Problems;00239186;D
Management And Organization Review;17408776;D
Marine Resource Economics;07381360;D
Maritime Policy And Management;03088839;D
Mathematics And Financial Economics;18629679;D
Mathematics Of Operations Research;0364765X;D
Metrika;00261335;D
Metroeconomica;00261386;D
New Medit: Mediterranean Journal of Economics, Agriculture and Environment;15945685;D
Nonprofit And Voluntary Sector Quarterly;08997640;D
Nonprofit Management And Leadership;10486682;D
North American Actuarial Journal;10920277;D
North American Journal Of Economics And Finance;10629408;D
Open Economies Review;09237992;D
Oxford Development Studies;13600818;D
Oxford Economic Papers New Series;00307653;D
Oxford Review Of Economic Policy;0266903X;D
Pacific-Basin Finance Journal;0927538X;D
Papers In Regional Science;10568190;D
Policy Sciences;00322687;D
Population Bulletin;0032468X;D
Population Research And Policy Review;01675923;D
Population Studies;00324728;D
Post-Communist Economies (formerly: Communist Economies and Economic Transformation);14631377;D
Public Budgeting And Finance;02751100;D
Public Finance Review (Public Finance Quarterly);10911421;D
Quantitative Finance;14697688;D
Regional Science And Urban Economics;01660462;D
Research In International Business And Finance;02755319;D
Research In Transportation Economics;07398859;D
Review Of Derivatives Research;13806645;D
Review Of Economics Of The Household;15695239;D
Review Of Financial Economics;10583300;D
Review Of Income And Wealth;00346586;D
Review Of Industrial Organization;0889938X;D
Review Of International Economics;09657576;D
Review Of Keynesian Economics;20495323;D
Review Of Network Economics;14469022;D
Review Of Political Economy;09538259;D
Review Of Quantitative Finance And Accounting;0924865X;D
Review of African Political Economy;03056244;D
Review of Managerial Science;18636683;D
Review of World Economics (formerly: Weltwirtschaftliches Archiv);16102878;D
Revstat, Statistical Journal;16456726;D
Scandinavian Economic History Review;03585522;D
Scandinavian Journal of Management;9565221;D
Science and Society;00368237;D
Scienze Regionali/Italian Journal of Regional Science;17203929;D
Social Choice And Welfare;01761714;D
Social Indicators Research;03038300;D
Social Science Quarterly;00384941;D
Socio-Economic Planning Sciences;00380121;D
Southern Economic Journal;00384038;D
Spatial Economic Analysis;17421772;D
Statistica;00390380;D
Statistical Journal Of The Iaos (Formerly: Statistical Journal);18747655;D
Structural Change And Economic Dynamics;0954349X;D
Studies In Nonlinear Dynamics And Econometrics;10811826;D
Swiss Political Science Review;14247755;D
Technological And Economic Development Of Economy;13928619;D
Technology Analysis And Strategic Management;09537325;D
Telecommunications Policy;03085961;D
The European Journal Of Health Economics;16187598;D
The World Economy;03785920;D
Theory And Decision;00405833;D
Top;11345764;D
Tourism Economics;13548166;D
Utilities Policy;09571787;D
Venture Capital: An International Journal of Entrepreneurial Finance;13691066;D
Water Resources And Economics;22124284;D
World Trade Review;14747456;D
Accounting History;10323732;E
Acta Oeconomica;00016373;E
Actual Problems Of Economics;19936788;E
African Economic History;01452258;E
African Finance Journal;16059786;E
Agbioforum;1522936X;E
Agenda;13221833;E
Agrekon;03031853;E
Agricultural And Resource Economics Review;10682805;E
Agricultural Economics Review;11092580;E
Agroalimentaria;13160354;E
American Journal Of Economics And Sociology;00029246;E
Amfiteatru Economic;15829146;E
Annals Of Economics And Finance;15297373;E
Annals Of Public And Cooperative Economics;13704788;E
Anthropology Of Work Review;0883024X;E
Applied Econometrics And International Development;15784487;E
Applied Economics Letters;13504851;E
Applied Financial Economics;09603107;E
Asia Europe Journal;16102932;E
Asia Pacific Management Review;10293132;E
Asia-Pacific Financial Markets (formerly: Financial Engineering and the Japanese Market);13872834;E
Asia-Pacific Journal Of Accounting And Economics;16081625;E
Asia-Pacific Journal Of Financial Studies;12261165;E
Asian Academy Of Management Journal Of Accounting And Finance;18234992;E
Asian Business And Management;14724782;E
Asian Development Review;01161105;E
Asian Economic Journal;13513958;E
Asian Economic Papers;15353516;E
Asian Economic Policy Review;18328105;E
Asian-Pacific Economic Literature;08189935;E
Atlantic Economic Journal;01974254;E
Auco Czech Economic Review;18024696;E
Australian Economic History Review;00048992;E
Australian Economic Papers;0004900X;E
Australian Economic Review;00049018;E
B.E. Journal of Economic Analysis and Policy: Frontiers of Economic Analysis and Policy;19351682;E
B.E. Journal of Macroeconomics: Advances in Macroeconomics (formerly: Advances in Macroeconomics);#NV;E
B.E. Journal of Theoretical Economics: Advances in Theoretical Economics (formerly: Advances in Theoretical Economics);#NV;E
Baltic Journal Of Economics;1406099X;E
Banking And Finance Review;19477945;E
Banks And Bank Systems;18167403;E
Basic Income Studies;19320183;E
Borsa Istanbul Review;22148469;E
Bulletin Of Indonesian Economic Studies;00074918;E
Canadian Journal Of Administrative Sciences/Revue Canadienne Des Sciences De L'Administration;08250383;E
Canadian Public Policy;03170861;E
Cato Journal;02733072;E
Cepal Review;02512920;E
Cesifo Forum;1615245X;E
China Agricultural Economic Review;1756137X;E
China Review;16802012;E
China: An International Journal;02197472;E
Chinese Economy (formerly: Chinese Economics Studies);10971475;E
Cliometrica;18632505;E
Comparative Economic Studies (Formerly: Aces Bulletin);08887233;E
Competition And Regulation In Network Industries;17835917;E
Competition Policy International;15540189;E
Computational Economics (formerly: Computer Science in Economics and Management);09277099;E
Computational Management Science;1619697X;E
Computational Statistics And Data Analysis;01679473;E
ContaduríA Y AdministracióN;01861042;E
Contemporary Economics;18979254;E
Contributions To Political Economy;02775921;E
Corporate Ownership And Control;17279232;E
Critical Review;08913811;E
Croatian Economic Survey;13304860;E
Cross Cultural Management: An International Journal;13527606;E
Cuadernos De Desarrollo Rural;01221450;E
Cyprus Review;10152881;E
Danube: Law and Economics Review;18046746;E
De Economist;0013063X;E
Decisions In Economics And Finance;15938883;E
Defence And Peace Economics (Formerly: Defence Economics);10242694;E
Desarrollo Y Sociedad;01203584;E
Developing Economies;00121533;E
Development;10116370;E
Development Southern Africa;0376835X;E
Eastern Economic Journal;00945056;E
Eastern European Economics;00128775;E
Econ Journal Watch;1933527X;E
Economia Aplicada/Brazilian Journal of Applied Economics;14138050;E
Economia E Politica Industriale;03912078;E
Economia Politica;11202890;E
Economia delle Fonti di Energia e dell'Ambiente/Economics and Policy of Energy and the Environment;11251263;E
Economic Affairs (Institute of Economic Affairs);02650665;E
Economic Analysis And Policy;03135926;E
Economic Analysis and Workers' Management;0351286X;E
Economic And Labour Relations Review;10353046;E
Economic And Social Review;00129984;E
Economic Computation and Economic Cybernetics Studies and Research (formerly: Studii si Cercetari Economice);0424267X;E
Economic Notes;03915026;E
Economic Outlook;0140489X;E
Economic Record;00130249;E
Economic Systems (formerly: Jahrbuch der Wirtschaft Osteuropas);09393625;E
Economics Bulletin;15452921;E
Economics Of Governance;14356104;E
Economics Of Transition;09670750;E
Economics: The Open-Access, Open-Assessment E-Journal;18646042;E
Economie Et PrÃ©Vision;02494744;E
Economie Et Statistique;03361454;E
Economie Internationale;12408093;E
Economies et Sociétés;00130567;E
Economists' Voice;15533832;E
EconomÃ­A Agraria Y Recursos Naturales;15780732;E
EconomÃ­A Chilena;07173830;E
Education Economics;09645292;E
Ejournal Of Tax Research;14482398;E
Ekonomicky Casopis/Journal of Economics;133035;E
Ekonomiska Samfundets Tidskrift / Journal of the Economic Society of Finland;00133183;E
Ekonomska Istrazivanja/Economic Research (Formerly: Gospodarstvo Istre);1331677X;E
Ekonomski Anali/Economic Annals;00133264;E
Ekonomski Pregled;04247558;E
El Trimestre Economico;00413011;E
Electronic International Journal Of Time Use Research;18609937;E
Empirica, Journal of European Economics (formerly: Empirica);3408744;E
Energy Studies Review;08434379;E
Engineering Economist;0013791X;E
Ensayos Sobre PolÃ­Tica EconÃ³Mica;01204483;E
Enterprise And Society;14672227;E
Environmental Economics And Policy Studies;1432847X;E
Estudios De Economia;03042758;E
Estudos Economicos;01014161;E
Eurochoices;14780917;E
Euromed Journal Of Business;14502194;E
European Journal Of Government And Economics;22547088;E
European Journal Of Law And Economics;09291261;E
European Research Studies;11082976;E
European Transport/Transporti Europei;18253997;E
Finance And Development;01451707;E
Finance a Úver/Czech Journal of Economics and Finance (formerly: Finance a Úver);00151920;E
Financial History Review;09685650;E
Financial Markets And Portfolio Management (Formerly: Finanzmarkt Und Portfolio Management);15554961;E
Financial Markets, Institutions And Instruments;09638008;E
Foresight;14636689;E
Formation Emploi: Revue Française de Sciences Sociales;07596340;E
Forum For Health Economics And Policy;21946191;E
Forum For Social Economics;07360932;E
Forum for Development Studies;08039410;E
Foundations And Trends In Microeconomics;15479846;E
Frontiers Of Business Research In China;16737326;E
Frontiers Of Economics In China;16733444;E
Fuzzy Economic Review;11360593;E
Gadjah Mada International Journal Of Business;14111128;E
Geneva Papers On Risk And Insurance: Issues And Practice;10185895;E
Geneva Risk and Insurance Review (formerly: Geneva Papers on Risk and Insurance Theory);1554964X;E
German Journal Of Agricultural Economics (Formerly: Agrarwirtschaft);00021121;E
Global Business And Economics Review;10974954;E
Global Economic Review (formerly: Journal of East and West Studies);1226508X;E
Global Economy Journal (formerly: Global Economy Quarterly);15245861;E
Global Finance Journal;10440283;E
Global Social Policy;14680181;E
Globalización, Competitividad y Gobernabilidad / Globalization, Competitiveness and Governability;19887116;E
Hacienda Pública Española/Revista de Economía Pública;02101173;E
Handbook of Computational Economics;15740021;E
Harvard Business Review;00178012;E
Health Marketing Quarterly;07359683;E
History Of Economic Ideas;11228792;E
Hitotsubashi Journal Of Economics;0018280X;E
Humanomics;08288666;E
IIE Transactions;0740817X;E
Iberoamerican Journal Of Development Studies;22542035;E
Independent Review;10861653;E
Indian Economic and Social History Review;00194646;E
Indian Growth And Development Review;17538254;E
Indian Journal Of Finance;09738711;E
Indian Journal Of Labour Economics;00195308;E
Indian Journal of Agricultural Economics;00195014;E
Indian Journal of Gender Studies;09715215;E
Industrielle Beziehungen: Zeitschrift für Arbeit, Organisation und Management (formerly: The German Journal of Industrial Relations);09432779;E
Info;14636697;E
Information Systems And E-Business Management;16179846;E
Innovations;00954519;E
Inquiry - The Journal of Health Care Organization Provision and Financing;469580;E
International Advances In Economic Research;10830898;E
International Economic Journal;10168737;E
International Economics;21107017;E
International Economics And Economic Policy;16124804;E
International Finance;13670271;E
International Food And Agribusiness Management Review;10967508;E
International Game Theory Review;02191989;E
International Journal Of Agricultural Resources, Governance And Ecology;14624605;E
International Journal Of Banking, Accounting And Finance;17553830;E
International Journal Of Business;10834346;E
International Journal Of Business Governance And Ethics;14779048;E
International Journal Of Business Performance Management Ijbpm;10569219;E
International Journal Of Business Research;15551296;E
International Journal Of China Studies;21803250;E
International Journal Of Ecological Economics And Statistics;09731385;E
International Journal Of Economic Perspectives;13071637;E
International Journal Of Economic Policy In Emerging Economies;17520452;E
International Journal Of Economic Research;09729380;E
International Journal Of Economic Theory;17427355;E
International Journal Of Economics And Business Research;17569850;E
International Journal Of Economics And Financial Issues;21464138;E
International Journal Of Education Economics And Development;17595673;E
International Journal Of Electronic Finance (Ijef);17460069;E
International Journal Of Enterprise Information Systems;15481115;E
International Journal Of Environment And Sustainable Development;14746778;E
International Journal Of Finance And Economics;10769307;E
International Journal Of Green Economics;17449928;E
International Journal Of Housing Markets And Analysis;17538270;E
International Journal Of Innovation And Sustainable Development;17408822;E
International Journal Of Intellectual Property Management;14789647;E
International Journal Of Islamic And Middle Eastern Finance And Management;17538394;E
International Journal Of Managerial Finance;17439132;E
International Journal Of Manpower;01437720;E
International Journal Of Monetary Economics And Finance;17520479;E
International Journal Of Public Policy;17400600;E
International Journal Of Revenue Management;14747332;E
International Journal Of Social Economics;03068293;E
International Journal Of Sport Finance;15586235;E
International Journal Of Sustainable Development;09601406;E
International Journal Of Technological Learning, Innovation And Development;17531942;E
International Journal Of Technology And Globalisation;14765667;E
International Journal Of The Economics Of Business (Formerly: Journal Of The Economics Of Business);13571516;E
International Journal Of Trade And Global Markets;17427541;E
International Journal Of Transport Economics;03035247;E
International Journal of Applied Business and Economic Research;09727302;E
International Journal of Asian Studies;14795914;E
International Migration Review;1979183;E
International Review Of Applied Economics;02692171;E
"International Review Of Economics (Irec Formerly: Risec: International Review Of Economics And Business Rivista Internazionale Di Scienze Economiche E Commerciali)""""""";18651704;E
International Review Of Finance;1369412X;E
International Review Of Law And Economics;01448188;E
International Social Science Journal;00208701;E
International Trade Journal;08853908;E
Investigaciones De Historia EconóMica;16986989;E
Investigaciones Regionales;16957253;E
Investment Management And Financial Innovations;18104967;E
Iranian Economic Review;10266542;E
Israel Economic Review;07920385;E
JASSA: The Finsia Journal of Applied Finance;03135934;E
Jahrbuch für Regionalwissenschaft/Review of Regional Research;01737600;E
JahrbÃ¼Cher FÃ¼R NationalÃ¶Konomie Und Statistik/Journal Of Economics And Statistics;00214027;E
Japan And The World Economy;09221425;E
Japanese Economic Review (formerly: Economic Studies Quarterly);13524739;E
Journal Des Ã‰Conomistes Et Des Ã‰Tudes Humaines;21945799;E
Journal For Studies In Economics And Econometrics;03796205;E
Journal Of Advanced Research In Law And Economics;2068696X;E
Journal Of African Business;15228916;E
Journal Of Agricultural And Food Industrial Organization;15420485;E
Journal Of Applied Business Research;08927626;E
Journal Of Applied Economics;15140326;E
Journal Of Applied Statistics;02664763;E
Journal Of Asset Management;14708272;E
Journal Of Banking Regulation;17456452;E
Journal Of Behavioral Finance (Formerly: Journal Of Psychology And Financial Markets);15427560;E
Journal Of Business And Economics;#NV;E
Journal Of Business Economics And Management;16111699;E
Journal Of Business Valuation And Economic Loss Analysis;19329156;E
Journal Of Central Banking Theory And Practice;18009581;E
Journal Of Chinese Economic And Business Studies;14765284;E
Journal Of Chinese Economic And Foreign Trade Studies;17544416;E
Journal Of Competition Law And Economics;17446414;E
Journal Of Consumer Affairs;00220078;E
Journal Of Contemporary Accounting And Economics;18155669;E
Journal Of Derivatives;10741240;E
"Journal Of Derivatives And Hedge Funds (Formerly: Derivatives Use, Trading &Amp Regulation)""""""";17539641;E
Journal Of Developmental Entrepreneurship;10849467;E
Journal Of East&West Business;10669868;E
Journal Of Economic Asymmetries;17034949;E
Journal Of Economic Education;00220485;E
Journal Of Economic Integration;1225651X;E
Journal Of Economic Interaction And Coordination;1860711X;E
Journal Of Economic Issues;00213624;E
Journal Of Economic Methodology (Formerly: Methodus);1350178X;E
Journal Of Economic Policy Reform (Formerly: Journal Of Policy Reform);17487870;E
Journal Of Economic Studies;01443585;E
Journal Of Economics (Zeitschrift FÃ¼R NationalÃ¶Konomie) (Formerly: Zeitschrift FÃ¼R NationalÃ¶Konomie);09318658;E
Journal Of Economics And Finance;10550925;E
Journal Of Economics, Finance And Administrative Science;22180648;E
Journal Of Education Finance;00989495;E
Journal Of Emerging Market Finance;09726527;E
Journal Of Entrepreneurship;09713557;E
Journal Of European Real Estate Research;17539269;E
Journal Of Family And Economic Issues;10580476;E
Journal Of Financial Counseling And Planning;10523073;E
Journal Of Financial Research;02702592;E
Journal Of Income Distribution;09266437;E
Journal Of Industry, Competition And Trade;15661679;E
Journal Of Interdisciplinary Economics;02601079;E
Journal Of International Business And Economics;15448037;E
Journal Of International Commerce, Economics And Policy;17939933;E
Journal Of International Financial Management And Accounting;9541314;E
Journal Of International Studies;09105476;E
Journal Of International Trade And Economic Development;09638199;E
Journal Of Labor Research;01953613;E
Journal Of Media Economics;08997764;E
Journal Of Multinational Financial Management;1042444X;E
Journal Of Operations Management;2726963;E
Journal Of Private Enterprise;0890913X;E
Journal Of Public And International Affairs;1070521X;E
Journal Of Real Estate Literature;09277544;E
Journal Of Real Estate Portfolio Management;10835547;E
Journal Of South Asian Development;09731741;E
Journal Of Sports Economics;15270025;E
Journal Of The Asia Pacific Economy;13547860;E
Journal Of The Japanese And International Economies;08891583;E
Journal Of The Statistical And Social Inquiry Society Of Ireland;00814776;E
Journal On Chain And Network Science;15691829;E
Journal of Asia-Pacific Business;10599231;E
Journal of Australian Political Economy;01565826;E
Journal of Behavioral and Experimental Finance;22146350;E
Journal of Convex Analysis;09446532;E
Journal of Economic Cooperation and Development (formerly: Journal of Economic Cooperation among Islamic Countries);13087800;E
Journal of Economic Theory and Econometrics;12292893;E
Journal of Institutional and Theoretical Economics (formerly: Zeitschrift für die gesamte Staatswissenschaft);09324569;E
Journal of King Abdulaziz University: Islamic Economics;;E
Journal of Management &amp;#NV;E
Journal of Real Estate Practice and Education;15214842;E
Journal of the Social Sciences;02531097;E
Jurnal Ekonomi Malaysia;01271962;E
Labor History;0023656X;E
Labour. Review of Labour Economics and Industrial Relations;14679914;E
Latin American Economic Review (Formaly: Economia Mexicana, Nueva Epoca);21983526;E
Latin American Journal Of Economics (Formerly: Cuadernos De Economia (Pontifical Catholic University Of Chile);07190425;E
Letters In Spatial And Resource Sciences;18644031;E
Local Economy;02690942;E
Malaysian Journal Of Economic Studies;15114554;E
Management;13310194;E
Management Review Quarterly (formerly: Journal für Betriebswirtschaft, Der Österreichische Betriebswirt);21981620;E
Managerial And Decision Economics;01436570;E
Maritime Economics And Logistics (Formerly: International Journal Of Maritime Economics);14792931;E
Mathematical Social Sciences;01654896;E
Mind And Society;15937879;E
Mondes en développement;03023052;E
Monthly Labor Review;00981818;E
National Institute Economic Review;00279501;E
Natural Resource Modeling;08908575;E
Natural Resources Journal;00280739;E
New Zealand Economic Papers;00779954;E
New Zealand Geographer;00288144;E
Nonlinear Dynamics, Psychology, And Life Sciences;10900578;E
Nova Economia;01036351;E
Oecd Journal: Economic Studies (Formerly: Oecd Economic Studies);19952848;E
Oecd Journal: Journal Of Business Cycle Measurement And Analysis;19952880;E
Pacific Economic Review;1361374X;E
Pakistan Development Review;00309729;E
Panoeconomicus;1452595X;E
Peace Economics, Peace Science And Public Policy;10792457;E
Perspektiven Der Wirtschaftspolitik;14656493;E
Policy Review;01465945;E
Policy Studies;01442872;E
Politica Economica;11209496;E
Political Science Quarterly;00323195;E
Politicka Ekonomie;00323233;E
Politics, Philosophy And Economics;1470594X;E
Population;00324663;E
Portuguese Economic Journal;1617982X;E
Prabandhan: Indian Journal Of Management;09752854;E
Prague Economic Papers;12100455;E
Privredna Kretanja i Ekonomska Politika;1330187X;E
Problemas del Desarrollo;03017036;E
Problems And Perspectives In Management;17277051;E
Public Organization Review;15667170;E
Quarterly Journal Of Austrian Economics;10983708;E
Quarterly Journal Of International Agriculture;00498599;E
Quarterly Review Of Economics And Finance (Formerly: Quarterly Review Of Economics And Business);10629769;E
Recherches Economiques De Louvain/Louvain Economic Review;07704518;E
Regional And Sectoral Economic Studies;15784460;E
Regional Science Inquiry;17915961;E
Research In Labor Economics;1479121;E
Research In Law And Economics;01935895;E
Research Journal Of Business And Management;21486689;E
Review Of Austrian Economics;08893047;E
Review Of Black Political Economy;00346446;E
Review Of Development Economics;13636669;E
Review Of Economic Conditions In Italy;00346799;E
Review Of Economic Design (Formerly: Economic Design);14344742;E
Review Of Economic Perspectives;12132446;E
Review Of Law And Economics;15555879;E
Review Of Marketing Science;15465616;E
Review Of Pacific Basin Financial Markets And Policies;02190915;E
Review Of Radical Political Economics;04866134;E
Review Of Regional Studies;0048749X;E
Review Of Social Economy;00346764;E
Review Of Urban And Regional Development Studies;09170553;E
Revista Brasileira De Economia;00347140;E
Revista De Analisis Economico;07165927;E
Revista De Economia Aplicada;1133455X;E
Revista De Economia ContemporâNea;14159848;E
Revista De Economia E Sociologia Rural;01032003;E
Revista De Economia PolÃ­Tica/Brazilian Journal Of Political Economy;01013157;E
Revista De EconomÃ­A Institucional;01245996;E
Revista De EconomÃ­A Mundial;15760162;E
Revista De Estudios Cooperativos;11356618;E
Revista De Historia Economica/Journal Of Iberian And Latin American History;02126109;E
Revista De Historia Industrial;11327200;E
Revista De MÃ©Todos Cuantitativos Para La EconomÃ­A Y La Empressa/Journal Of Quantitative Methods For Economics And Business Administration;1886516X;E
Revista Portuguesa De Estudos Regionais;1645586X;E
Revista de Administraçao d'Emprêsas;;E
Revista de Economia del Rosario;01235362;E
Revista de Estudios Regionales;02137585;E
Revue D'Economie Du DÃ©Veloppement;12454060;E
Revue D'Economie Industrielle;01543229;E
Revue D'Economie Politique;03732630;E
Revue De L'Ofce;12659576;E
Revue DÂ’Etudes Comparatives Est-Ouest;03380599;E
Revue Economique;00352764;E
Revue FranÃ§Aise De Gestion;03384551;E
Revue Internationale de Droit Economique;10108831;E
Risk And Decision Analysis;15697371;E
Risk Governance And Control: Financial Markets And Institutions;2077429X;E
Rivista Internazionale Di Scienze Sociali;0035676X;E
Romanian Journal Of Economic Forecasting;15826163;E
SERIEs (formlery: Investigaciones Economicas);18694187;E
Savings And Development;03934551;E
Scottish Journal Of Political Economy;00369292;E
Seoul Journal Of Economics;12250279;E
Singapore Economic Review (Formerly: Malayan Economic Review);02175908;E
Social And Economic Studies;00377651;E
Social Research;0037783X;E
Social Science Japan Journal;13691465;E
Social Sciences;01345486;E
Social Security Bulletin;00377910;E
South African Journal Of Economics;00382280;E
South African Journal of Economic and Management Sciences, N.S. (formerly: Suid-Afrikaanse Tydskrif vir Ekonomiese en Bestuurswetenskappe/South African Journal of Economic and Management Sciences, N.S.);10158812;E
South Asia Economic Journal;13915614;E
South East European Journal Of Economics And Business;1840118X;E
Spanish Review Of Financial Economics;21731268;E
Statistica Neerlandica;00390402;E
Statistical Inference For Stochastic Processes;13870874;E
Statistical Methods And Applications;16182510;E
Stato E Mercato;03929701;E
Studies In Economics And Finance;10867376;E
Studies In Regional Science;02876256;E
Tourism And Hospitality Management;13307533;E
Transformations In Business And Economics;16484460;E
Transition Studies Review;16144007;E
Transnational Corporations;10149562;E
Transportation Journal;00411612;E
Travail Et Emploi;02244365;E
Vierteljahrschrift FüR Sozial- Und Wirtschaftsgeschichte;03408728;E
Wirtschaftsdienst;00436275;E
World Review Of Entrepreneurship, Management And Sustainable Development;17460573;E
World Review of Science, Technology and Sustainable Development;17412242;E
Wseas Transactions On Business And Economics;11099526;E
Zbornik Radova Ekonomskog Fakulteta u Rijeci: Casopis za Ekonomsku Teoriju i Praksu/Proceedings of Rijeka School of Economics: Journal of Economics and Business (formerly: Zbornik Radova Ekonomskog Fakulteta);13318004;E
AD-minister;16920279;F
ASEAN Economic Bulletin;02174472;F
AStA: Advances in Statistical Analysis (formerly: Allgemeines Statistisches Archiv, AStA: Wirtschafts- und Sozialstatistisches Archiv);18638171;F
Academia Economic Papers;1018161X;F
Accounting And Finance Research;19275986;F
Accounting History ReviewÂ (Formaly: Accounting, Business And Financial History);21552851;F
Accounting, Economics, And Law: A Convivium;21946051;F
Acta Oeconomica Pragensia;05723043;F
Acta Turistica;03534316;F
Advances In Economics And Business;23315059;F
Advances In Management And Applied Economics;17927544;F
Advancing the Consumer Interest;10447385;F
Aestimatio: The Ieb International Journal Of Finance;21730164;F
Aestimum;15926117;F
African Journal Of Economic And Sustainable Development;20464770;F
African Journal Of Social Sciences;20458452;F
African Journal of Business Management;19938233;F
Ager: Revista de estudios sobre despoblación y desarrollo rural;15787168;F
Agricultural And Food Economics;21937532;F
Agricultural Economics and Rural Development;18410375;F
Agricultural Finance Review;00021466;F
Agronomia Mesoamericana;10217444;F
Akademija MM;14081652;F
Akdeniz IIBF Dergisi;13029975;F
Alphanumeric Journal;21482225;F
American Economist;05694345;F
American Enterprise;10473572;F
American Journal Of Business;19355181;F
American Journal Of Health Economics;23323493;F
American Journal of Entrepreneurship (formerly: Southern Journal of Entrepreneurship);21649685;F
American Journal of Finance and Accounting;17527767;F
American Prospect;10497285;F
American Review of Political Economy;15511383;F
Anadolu University Journal Of Social Sciences;13030876;F
Analyse Prévision;;F
Annales Universitatis Apulensis Series Oeconomica;14549409;F
Annales de Sciences Économiques Appliqués;00034207;F
Annals of &quot;15840409;F
Annals of Actuarial Science;17484995;F
Annals of Economic and Social Measurement;;F
Annals of Economics and Statistics/ Annales d'Economie et de Statistique (formerly: Annales de Sciences Economiques Appliqués;21154430;F
Annals of Financial Economics;20104952;F
Annals: Economic Science Series: Timisoara;15826333;F
Antitrust Bulletin;0003603X;F
Análise Econômica;01029924;F
Análisis Económico;01853937;F
Análisis Financiero;02102358;F
Applied Econometrics;19937601;F
Applied Economics And Finance;23327294;F
Applied Economics Quarterly (formerly: Konjunkturpolitik);16116607;F
Applied Financial Economics Letters;17446546;F
Applied Geography and Development;01737619;F
Apuntes del CENES;01203053;F
Archives Of Economic History;11087005;F
Argomenti: Rivista di Economia, Cultura e Ricerca Sociale: Nuova Serie;11259116;F
Arquivo do Instituto Gulbenkian de Ciência;;F
Artha-Vikas;00043567;F
Arthaniti;;F
Arthshastra: Indian Journal Of Economics And Research;22781811;F
Asia And The Pacific Policy Studies;20502680;F
Asia Pacific Business Review (Formerly: Journal Of Far Eastern Business);13602381;F
Asia Pacific Journal of Economics and Business;13268481;F
Asia-Pacific Development Journal;10201246;F
Asia-Pacific Economic Review;13586653;F
Asia-Pacific Journal of Risk and Insurance;2194606X;F
Asia-Pacific Journal of Social Sciences;09755942;F
Asian Economic Review;;F
Asian Economic and Financial Review;23052147;F
Asian Journal Of Finance And Accounting;1946052X;F
Asian Journal Of Law And Economics;21946086;F
Asian Journal of Agricultural Economics;01186566;F
Asian-African Journal of Economics and Econometrics;09723986;F
Assurances et Gestion des Risques/Insurance and Risk Management;17057299;F
Atlantic Review of Economics/Revista Atlantica de Economia;21743835;F
Aussenwirtschaft;00048216;F
Australasian Journal Of Regional Studies;13240935;F
Australian Bulletin of Labour;03116336;F
Australian Commodities Forecasts and Issues (formerly: Agriculture and Resources Quarterly);13217844;F
Australian Journal of Labour Economics;13281143;F
Australian Tax Forum;0812695X;F
B.E. Journal Of Economic Analysis And Policy: Advances In Economic Analysis And Policy (Formerly: Advances In Economic Analysis And Policy);15380637;F
B.E. Journal Of Economic Analysis And Policy: Contributions To Economic Analysis And Policy (Formerly: Contributions To Economic Analysis And Policy);15380645;F
B.E. Journal Of Economic Analysis And Policy: Topics In Economic Analysis And Policy (Formerly: Topics In Economic Analysis And Policy);15380653;F
B.E. Journal Of Macroeconomics: Contributions To Macroeconomics (Formerly: Contributions To Macroeconomics);15346005;F
B.E. Journal Of Macroeconomics: Topics In Macroeconomics (Formerly: Topics In Macroeconomics);15345998;F
B.E. Journal Of Theoretical Economics: Contributions To Theoretical Economics (Formerly: Contributions To Theoretical Economics);15345971;F
B.E. Journal Of Theoretical Economics: Topics In Theoretical Economics (Formerly: Topics In Theoretical Economics);1534598X;F
B.E. Journal of Macroeconomics: Frontiers of Macroeconomics (formerly: Frontiers of Macroeconomics);19351690;F
B.E. Journal of Theoretical Economics: Frontiers of Theoretical Economics (formerly: Frontiers of Theoretical Economics);19351704;F
Banca Impresa Società;11209453;F
Bancaria;00054623;F
Bancni Vestnik;00054631;F
Banco de España Economic Bulletin;11304987;F
Bangladesh Development Studies (Formerly: Bangladesh Economic Review);0304095X;F
Bank of Canada Review;00451460;F
Bank of England Quarterly Bulletin;00055166;F
Bank of Greece Economic Bulletin;11059729;F
Bank of Israel Banking Review;07920385;F
Bank of Israel Economic Review;0334441X;F
Bank of Korea Economic Papers;12267589;F
Bank of Valletta Review;10177841;F
Bankpedia Review;22398023;F
Bio-based and Applied Economics;22806180;F
Biquarterly Journal of Economic Essays;17353300;F
Bis Quarterly Review;16830121;F
Bogazici Journal: Review of Social, Economic and Administrative Studies;13009583;F
Boletin de Estudios Económicos;00066249;F
Brazilian Electronic Journal of Economics;15164373;F
Brazilian Review of Econometrics (formerly: Revista de Econometria);01017012;F
Briefing Notes in Economics;09687017;F
British Actuarial Journal;13573217;F
Brookings–Wharton Papers on Financial Services;10983651;F
Brookings–Wharton Papers on Urban Affairs;15287084;F
Brussels Economic Review/Cahiers Economiques de Bruxelles (formerly: Cahiers Economiques de Bruxelles);00080195;F
Bulletin For International Fiscal Documentation;00074624;F
Bulletin of Economic Research (formerly: Yorkshire Bulletin of Economic and Social Research);03073378;F
Bulletin of Political Economy;09735747;F
Business And Economic Review;20741693;F
Business History;00076791;F
Business Review;19906587;F
Business and Economic History;08946825;F
CEA Journal of Economics;18575269;F
CIRIEC-España, Revista de Economía Pública, Social y Cooperativa;02138093;F
CWI Quarterly;0168826X;F
Cahiers Scientifiques du Transport;11508809;F
Cahiers d'Economie Politique;01548344;F
California Business Review;23309156;F
Calisma Iliskileri Dergisi/Journal of Labour Relations;21460000;F
Cambridge Economic Policy Review;;F
Canadian Business Economics;07058330;F
Canadian Journal of Regional Science;07054580;F
Canadian Tax Journal;00085111;F
Capitalism And Society;19320213;F
Central Bank Review;13030701;F
Central European Business Review;18054854;F
Challenge;05775132;F
Chicago Journal Of International Law;15290816;F
China Economist;16738837;F
China Finance Review International;20441398;F
Chinese Economic Studies;00094552;F
Chinese Journal Of Urban And Environmental Studies;23457481;F
Choices;;F
Cityscape: A Journal of Policy Development and Research;;F
Climate Change Economics;20100078;F
ClíO AméRica;1909941X;F
Colección Estudios CIEPLAN;07160631;F
Columbian Economic Journal;#NV;F
Comercio Exterior;01850601;F
Communications And Strategies;11578637;F
Comparative Technology Transfer and Society;15420132;F
Competitiveness Review;10595422;F
Complexity Economics;22104275;F
Consommation;00106593;F
Contemporary Economic Policy (Formerly: Contemporary Policy Issues);10743529;F
Coyuntura Económica: Investigación Económica y Social;01203576;F
Coyuntura Social;01212532;F
Credit and Capital Markets  (formerly: Kredit und Kapital);00234591;F
Criterio Libre;19000642;F
Croatian Operational Research Review;18480225;F
Cross-Cultural Management Journal;22860452;F
Cuadernos Economicos De I.C.E.;02102633;F
Cuadernos de Economia (National University of Colombia);01214772;F
Czechoslovak Economic Digest (formerly: New Trends in Czechoslovak Economics);00459461;F
Czechoslovak Economic Papers;05905001;F
Delaware Journal of Corporate Law;03649490;F
Desarrollo Económico;0046001X;F
Development and Finance/Fejlesztés és Finanszírozás: Quarterly Hungarian Economics;15893820;F
Die Betriebswirtschaft (DBW) / Business Administration Review (BARev);3427064;F
Die Weltwirtschaft;00432652;F
Digiworld Economic Journal;11578637;F
Dimensión Empresarial;16928563;F
Division of Labour and Transaction Costs;02198711;F
Dogus University Journal;13026739;F
Dokuz Eylul University Faculty Of Economic And Administrative Sciences Journal;1302504X;F
EATCS Bulletin;03605930;F
EIB Papers;02577755;F
East Asian Economic Review;25081640;F
Eastern Africa Economic Review;10114750;F
Eastern European Business And Economics Journal;22560521;F
East–West Journal of Economics and Business (formerly: East–West Series in Economics, Business, and the Environment);22413170;F
EconoQuantum;18706622;F
Econometrics Letters;21486212;F
Econometrics;22251146;F
Economia (Pontifical Catholic University of Peru);02544415;F
Economia (Portuguese Catholic University);08703531;F
Economia (University of Brazil);15177580;F
Economia Agro-alimentare;11261668;F
Economia Industrial;04222784;F
Economia Internazionale/International Economics (formerly: Economia Internazionale);0012981X;F
Economia Pubblica;03906140;F
Economia Universidad de los Andes: Nueva Etapa;#NV;F
Economia Y Region;16928989;F
Economia dei Servizi;19704860;F
Economia e Diritto Agroalimentare (formerly: Nuovo Diritto Agrario);18260373;F
Economia e Lavoro;0012978X;F
Economia e Sociedade;01040618;F
Economia e Società Regionale;18272479;F
Economia: Seria Management;14540320;F
Economic Affairs;04242513;F
Economic Alternatives;13125281;F
Economic Analysis of Law Review;21780587;F
Economic Analysis;13668099;F
Economic And Business Bulletin;01486195;F
Economic And Business Review;15800466;F
Economic Bulletin of Ghana, Second Series;;F
"Economic Change And Restructuring (Formerly: Economics Of Planning Moct-Most: Economic Policy In Transitional Economies)""""""";15739414;F
Economic Forum (formerly: Intermountain Economic Review);01958550;F
Economic Insights: Trends and Challenges (formerly: Petroleum Gas University of Ploiesti bulletin: Economic Sciences Series);22848576;F
Economic Issues (formerly: British Review of Economic Issues);13637029;F
Economic Papers;08120439;F
Economic Policy Review;;F
Economic Quality Control;09405151;F
Economic Research Guardian;22478531;F
Economic Review (Keizai Kenkyu);00229733;F
Economic Studies;02053292;F
Economic Thought: History, Philosophy, And Methodology;20556314;F
Economic Thought;00132993;F
Economic and Financial Modelling;13507419;F
Economic and Financial Review;13513621;F
Economica, N.S.;00130427;F
Economics And Management;1312594X;F
Economics Research International;20902131;F
Economics and Business Education (formerly: Economics: The Journal of the Economics Association);09692509;F
Economics of Agriculture;03523462;F
Economics of Energy and Environmental Policy;21605882;F
Economics of Peace and Security Journal;1749852X;F
Economics, Management, and Financial Markets;18423191;F
Economics: A Biannual Collection of Recent German Studies;0341616X;F
Economie Appliquée;00130494;F
Economie Publique;#NV;F
Economie Rurale;00130559;F
Economie et Institutions;17752329;F
Economies;22277099;F
Economisch En Sociaal Tijdschrift;00130575;F
Economy and Forecasting;16057988;F
Economy and History;00708852;F
Economía Agraria;07173520;F
Economía y Administración;07160100;F
Economía y Desarrollo;16923901;F
Economía: Journal of the Latin American and Caribbean Economic Association;15297470;F
Economía: Teoría y Práctica;01888250;F
Económica (National University of La Plata);00130419;F
Econômica (Fluminese Federal University);15171302;F
Ecos de Economia;16574206;F
Ege Akademik Bakis/Ege Academic Review;1303099X;F
Ekonomia (formerly: Cyprus Journal of Economics);10255508;F
Ekonomiaz;02133865;F
Ekonomicko–Matematicky Obzor;00133027;F
Ekonomická Revue: Central European Review of Economic Issues;12123951;F
Ekonomik Yaklasim;13001868;F
Ekonomika Apk;22211055;F
Ekonomika Preduze?A;;F
Ekonomika. Sankt-Peterburgskii Universitet. Vestnik;2542226X;F
Ekonomska Misao i Praksa;13301039;F
Ekonomska i ekohistorija/Economic- and Ecohistory;18455867;F
Ekonomske ideje i praksa;22176217;F
Ekonomski Horizonti/Economic Horizons;1450863X;F
Ekonomski Vjesnik;0353359X;F
"Emerging Markets Finance And Trade (Formerly: Russian And East European Finance And Trade Soviet And Eastern European Foreign Trade)""""""";1540496X;F
Empirical Economics Letters;16818997;F
Energeia: Revista Internacional de Filosofía y Epistemología de las Ciencias Económicas;16665732;F
Energia;03927911;F
Enometrica;19744730;F
Ensaios FEE;01011723;F
Ensayos Economicos;03253937;F
Ensayos de economía;0121117X;F
Ensayos: Revista de Economía;1870221X;F
Entrepreneurship Research Journal;21946175;F
Environmental Economics;19986041;F
Equidad Y Desarrollo;16927311;F
Equilibrium: Quarterly Journal of Economics and Economic Policy;1689765X;F
Erasmus Journal for Philosophy and Economics;18769098;F
Erciyes ÜNiversitesi Iktisadi Ve Idari Bilimler Fakultesi Dergisi;13013688;F
EsicMarket;02121867;F
Eskisehir Osmangazi Üniversitesi Iktisadi ve Idari Bilimler Fakültesi Dergisi;13066730;F
Essays in Economic and Business History;0896226X;F
Est-Ovest;0046256X;F
Estey Centre Journal of International Law and Trade Policy;14965208;F
Estudios Económicos (formerly: Demografía y Economía);01886916;F
Estudios Económicos de Desarrollo Internacional;15784479;F
Estudios Empresariales;04253698;F
Estudios Gerenciales;01235923;F
Estudios Sociales;01884557;F
Estudios de Economía Aplicada;16975731;F
Ethics and Economics/Éthique et économique;16391306;F
Ethiopian Journal Of Economics;19933681;F
Eurasian Academy Of Sciences Eurasian Business And Economics Journal;21493545;F
Eurasian Business Review;13094297;F
Eurasian Econometrics, Statistics And Empirical Economics Journal;21493561;F
Eurasian Economic Review;1309422X;F
Eurasian Geography And Economics (Formerly: Post-Soviet Geography And Economics);15387216;F
Eurasian Journal of Business and Economics;16945948;F
Europe-Asia Studies (Formerly: Soviet Studies);09668136;F
European Business Journal;#NV;F
European Competition Journal;17441056;F
European Journal Of Business Research;19452977;F
European Journal Of Family Business;2444877X;F
European Journal Of Health Economics (Formerly: Hepac: Health Economics In Prevention And Care);16187598;F
European Journal Of Management;15554015;F
European Journal of Comparative Economics;18242979;F
European Journal of Economic and Social Systems;12928895;F
European Journal of Economics and Economic Policies: Intervention (formaly: Intervention: European Journal of Economics and Economic Policies);20527764;F
European Political Economy Review;17425697;F
European Research On Management And Business Economics;24448834;F
Evolutionary and Institutional Economics Review;13494961;F
Expert Journal Of Economics;23597704;F
FDIC Banking Review;;F
Faith and Economics;0896307X;F
Family Economics and Nutrition Review (formerly: Family Economics Review);10859985;F
Fdic Quarterly;;F
Federal Reserve Bank of Atlanta Economic Review;07321813;F
Federal Reserve Bank of Boston New England Economic Review (formerly: New England Economic Review);00284726;F
Federal Reserve Bank of Chicago Economic Perspectives;01640682;F
Federal Reserve Bank of Cleveland Economic Review;00130281;F
Federal Reserve Bank of Dallas Economic and Financial Policy Review (formerly: Federal Reserve Bank of Dallas Economic and Financial Review;0;F
Federal Reserve Bank of Kansas City Economic Review;01612387;F
Federal Reserve Bank of Kansas City Monthly Review;;F
Federal Reserve Bank of Minneapolis Quarterly Review;02715287;F
Federal Reserve Bank of New York Economic Policy Review (formerly: Federal Reserve Bank of New York Quarterly Review);01476580;F
Federal Reserve Bank of Philadelphia Business Review (formerly: Federal Reserve Bank Business Review of Philadelphia);00077011;F
Federal Reserve Bank of Richmond Economic Quarterly (formerly: Federal Reserve Bank of Richmond Economic Review);10697225;F
Federal Reserve Bank of San Francisco Economic Review (formerly: Federal Reserve Bank of San Francisco Monthly Review);03630021;F
Federal Reserve Bulletin;00149209;F
Finance India;09703772;F
Finance and Trade Review;00151955;F
Finance;07526180;F
Financial Counseling and Planning;10523073;F
Financial Engineering And The Japanese Markets;13802011;F
Financial Services Review;10570810;F
Financial Studies;20666071;F
Financial Theory And Practice;1846887X;F
Financijska Teorija i Praksa/Financial Theory and Practice;13323970;F
Finans Politik Ve Ekonomik Yorumlar;13077112;F
Finnish Economic Papers;07845197;F
Focus on European Economic Integration;23105259;F
Folia Oeconomica Stetinensia;17304237;F
Food Research Institute Studies;01939025;F
Foreign Trade Review;00157325;F
Forman Journal of Economic Studies;1990391X;F
Frontiers in Finance and Economics;18142044;F
Geoforum;167185;F
Gestão and Regionalidade;18085792;F
Ghana Policy Journal;08553238;F
Giornale degli Economisti e Annali di Economia;00170097;F
Global Business And Management Research: An International Journal;19475667;F
Global Economy and Finance Journal;#NV;F
Global Journal of Business Research;19310277;F
Global Journal of Economics;22513612;F
Global Journal of Emerging Market Economies;09749101;F
Global Journal of Finance and Economics;09729496;F
Global and Local Economic Review;17224241;F
Greek Economic Review;10109994;F
Hacettepe Üniversitesi Iktisadi ve Idari Bilimler Fakültesi Dergisi/Hacettepe University Journal of Economics and Administrative Sciences;13018752;F
History of Economic Thought (formerly: Annals of the Society for the History of Economic Thought);18803164;F
History of Economic Thought and Policy;22409971;F
History of Economics Review;10370196;F
História Econômica e História de Empresas;15193314;F
Hitotsubashi Journal Of Commerce And Management;00182796;F
Homo Oeconomicus;09430180;F
Hong Kong Economic Papers;10258884;F
Housing Finance Review;02764415;F
IB Información Básica en Estadística;22561552;F
IB Revija;13182803;F
ICFAI Journal of Applied Finance;9725105;F
ICFAI Journal of Risk and Insurance;0972933X;F
IIUM Journal of Economics and Management;13947680;F
ILR Review;00197939;F
ISE Review;13011642;F
ISRA International Journal of Islamic Finance;01281976;F
IZA Journal of Labor Economics;21938997;F
IZA Journal of Migration;21939039;F
IZA World of Labor;20549571;F
Iberian Journal Of The History Of Economic Thought;23865768;F
Iktisat Ísletme ve Fínans;1300610X;F
Il Pensiero Economico Italiano;11228784;F
Illinois Agricultural Economics;;F
"Imf Economic Review (Formerly: Imf Staff Papers International Monetary Fund Staff Papers)""""""";20414161;F
Imprese e Storia;15906264;F
Indian Development Review;09729437;F
Indian Economic Journal;00194662;F
Indian Economic Review;00194670;F
Indian Journal of Economics and Business;09725784;F
Indian Journal of Economics and Development;22775412;F
Indian Journal of Quantitative Economics;09701532;F
Indian Journal of Social Development;09723692;F
Indiana Business Review;;F
Industrial Organization Review;;F
Industry And Development;01977253;F
Informacion Comercial Española Revista de Economia;0019977X;F
Innovative Marketing;18142427;F
Integration and Trade;10275703;F
Integration – Vierteljahreszeitschrift des Instituts für Europäische Politik;7205120;F
Intellectual Economics;18228011;F
Interdisciplinary Description of Complex Systems;13344684;F
Interdisciplinary Journal of Economics and Business Law;20478747;F
Intereconomics/Review of European Economic Policy;00205346;F
International Business And Global Economy;23006102;F
International Business Research;19139004;F
International Commerce Review: Ecr Journal;18645739;F
International Contributions to Labour Studies;10529187;F
International Econometric Review;13088793;F
International Economic Insights;10508481;F
International Economics Studies;20089643;F
International Economics and Finance Journal;09735259;F
International Economy;08984336;F
International Journal Of Applied Econometrics And Quantitative Studies;16984153;F
International Journal Of Applied Economics And Econometrics (Formerly: Indian Journal Of Applied Economics);09718281;F
International Journal Of Business Administration;19234007;F
International Journal Of Business And Economic Sciences Applied Research;24080098;F
International Journal Of Business And Emerging Markets;17536219;F
International Journal Of Commerce And Business Management;09742646;F
International Journal Of Computational Economics And Econometrics;17571170;F
International Journal Of Corporate Governance;17543037;F
International Journal Of Critical Accounting;17579848;F
International Journal Of Diplomacy And Economy;20490887;F
International Journal Of Economic Sciences;18049796;F
International Journal Of Financial Engineering And Risk Management;20490909;F
International Journal Of Financial Research;19234023;F
International Journal Of Food And Agricultural Economics;21478988;F
International Journal Of Happiness And Development;20492790;F
International Journal Of Innovation And Regional Development;17530660;F
International Journal Of Microsimulation;17475864;F
International Journal Of Research In Finance And Marketing;22315985;F
International Journal Of Strategic Decision Sciences;19478569;F
International Journal Of Strategic Management;15552411;F
International Journal Of Sustainable Economy;17565804;F
International Journal of Accounting and Finance;17528224;F
International Journal of Applied Economics;15480003;F
International Journal of Behavioural Accounting and Finance;17531969;F
International Journal of Business Economics and Management Research;22294848;F
International Journal of Business and Economics;16070704;F
International Journal of Business and Finance Research;19310269;F
International Journal of Development Issues;14468956;F
International Journal of Development and Conflict;20102704;F
International Journal of Economic Issues;0974603X;F
International Journal of Economic Sciences and Applied Research;17915120;F
International Journal of Economics and Accounting;2041868X;F
International Journal of Economics and Business Modeling;0976531X;F
International Journal of Economics and Finance;1916971X;F
International Journal of Economics and Research;22296158;F
International Journal of Economics;09736719;F
International Journal of Engineering Management and Economics;17565154;F
International Journal of Environment and Development;;F
International Journal of Finance;10412743;F
International Journal of Financial Markets and Derivatives;17567130;F
International Journal of Financial Services Management;14606712;F
International Journal of Financial Studies;22277072;F
International Journal of Housing Policy (formerly: European Journal of Housing Policy);14616718;F
International Journal of Management Development;1752850X;F
International Journal of Management and Network Economics;17542316;F
International Journal of Pluralism and Economics Education;17575648;F
International Journal of Political Economy;08911916;F
International Journal of Research in Commerce and Management;09762183;F
International Journal of Research in Commerce, Economics and Management;22314245;F
International Journal of Services, Economics and Management;17530822;F
International Journal of Statistics and Economics (formerly: Bulletin of Statistics and Economics);0975556X;F
International Journal of Systems and Management;#NV;F
International Law: Revista Colombiana De Derecho Internacional;16928156;F
International Policy Review;10887326;F
International Productivity Monitor;14929759;F
International Research Journal Of Finance And Economics;14502887;F
International Research Journal of Agricultural Economics and Statistics;22297278;F
International Research Journal of Applied Finance;22296891;F
International Review of Accounting, Banking and Finance;19466404;F
Intervention: Journal Of Economics/Intervention: Zeitschrift FüR ÖKonomie;16130960;F
Investigaciones Europeas De DireccióN Y EconomíA De La Empresa;11352523;F
Investigación Económica;01851667;F
Investment Policy;10963375;F
Iranian Journal Of Trade Studies;17350794;F
Irish Banking Review;00211060;F
Irish Journal of Agricultural Economics and Rural Sociology;00211249;F
Islamic Economic Studies;13191616;F
Isletme ve Ekonomi Arastirmalari Dergisi/Business and Economics Research Journal;13092448;F
Italian Economic Journal;2199322X;F
Iza Journal Of European Labor Studies;21939012;F
Iza Journal Of Labor And Development;21939020;F
Iza Journal Of Labor Policy;21939004;F
Japan Labor Review;13489364;F
Japan Research Quarterly;;F
Japanese Accounting Review (formerly: Kobe Economic and Business Review);21854785;F
Japanese Economic Studies;00214841;F
Japanese Political Economy (formaly: Japanese Economy;2329194X;F
Jingji Yanjiu/Economic Research Journal;05779154;F
Journal Of Agricultural And Applied Economics (Formerly: Southern Journal Of Agricultural Economics);10740708;F
Journal Of Agricultural And Resource Economics (Formerly: Western Journal Of Agricultural Economics);10685502;F
Journal Of Asian Development Studies;2304375X;F
Journal Of Business;00219398;F
Journal Of Business And Management Sciences;23334495;F
Journal Of Computational Finance;14601559;F
Journal Of Credit Risk;17446619;F
Journal Of Data Analysis;18192343;F
Journal Of Demographic Economics;20540892;F
Journal Of Developing Areas;0022037X;F
Journal Of Economic And Social Research;13021060;F
Journal Of Economic And Social Thought;21490422;F
Journal Of Economic Research;12264261;F
Journal Of Economic Sciences: Theory And Practice;22208739;F
Journal Of Economics Bibliography;21492387;F
Journal Of Economics Library;21492379;F
Journal Of Economics, Finance And Accounting;21486697;F
Journal Of Energy Literature;13593714;F
Journal Of Enterprising Culture;02184958;F
Journal Of European Economic History;03915115;F
Journal Of Finance And Economics;23287284;F
Journal Of Financial Management And Analysis;09704205;F
Journal Of Financial Management Markets And Institutions;2282717X;F
Journal Of Financial Market Infrastructures;20495404;F
Journal Of Financial Perspectives;20498640;F
Journal Of Financial Transformation;1755361X;F
Journal Of Global Analysis;20411944;F
Journal Of Globalization And Development;19481837;F
Journal Of Governance And Regulation;22209352;F
Journal Of Housing Research;10527001;F
Journal Of Industrial Organization Education;19355041;F
Journal Of International And Global Economic Studies;1940655X;F
Journal Of International Finance Studies;19452950;F
Journal Of Investment Management;15459144;F
Journal Of Investment Strategies;20471238;F
Journal Of Islamic Economics And Finance;20704658;F
Journal Of Knowledge Management, Economics And Information Technology;22477756;F
Journal Of Labour Market Research;16143485;F
Journal Of Legal Economics;10543023;F
Journal Of Markets And Morality;10981217;F
Journal Of Mathematical Finance;21622434;F
Journal Of Monetary Economics Issues On The Carnegie-Rochester Conference On Public Policy (Formerly: Carnegie&Rochester Conference Series On Public Policy);01672231;F
Journal Of Network Theory In Finance;20557795;F
Journal Of Philosophical Economics;18432298;F
Journal Of Reviews On Global Economics;19297092;F
Journal Of Risk;14651211;F
Journal Of Risk Model Validation;17539579;F
Journal Of Self-Governance And Management Economics;23294175;F
Journal Of Small Business And Entrepreneurship;08276331;F
Journal Of Social And Administrative Sciences;21490406;F
Journal Of Southeast Asian Economies;23395095;F
Journal Of Transportation And Statistics;10948848;F
Journal Of Urban Economics And Management;23452870;F
Journal of Academy of Business and Economics;15428710;F
Journal of Accountancy;#NV;F
Journal of Advanced Studies in Finance;20688393;F
Journal of African Development (formerly: Journal of African Finance and Economic Development);10606076;F
Journal of Agribusiness in Developing and Emerging Economies;20440839;F
Journal of Agricultural Economics Research (formerly: Agricultural Economics Research);21423;F
Journal of Applied Economics and Business Research;1927033X;F
Journal of Applied Finance (formerly: Financial Practice and Education);15346668;F
Journal of Applied Finance and Banking;17926580;F
Journal of Bank Research;00219215;F
Journal of Behavioral and Experimental Economics (formaly: Journal of Socio-Economics;22148043;F
Journal of Benefit-Cost Analysis;21522812;F
Journal of Business Cycle Measurement and Analysis;17293618;F
Journal of Business Economics (formerly: Zeitschrift für Betriebswirtschaft ZfB);00442372;F
Journal of Business Inquiry;21554056;F
Journal of Business Market Management;18640753;F
Journal of Business and Economic Studies;1063343X;F
Journal of Business and Economics (Air University);20756909;F
Journal of Business and Industrial Marketing;8858624;F
Journal of Business, Economics and Finance;21467943;F
Journal of CENTRUM Cathedra;18516599;F
Journal of Chinese Economic Studies;13482521;F
Journal of Data Science;#NV;F
Journal of Development and Economic Policies;15610411;F
Journal of East Asian Economic Integration;22348867;F
Journal of Econometric Methods;21946345;F
Journal of Economic Development;02548372;F
Journal of Economic Structures;21932409;F
Journal of Economic and Financial Sciences;19957076;F
Journal of Economic and Social Measurement (formerly: Review of Public Data Use);07479662;F
Journal of Economic and Social Policy;13252224;F
Journal of Economic and Social Studies;19868499;F
Journal of Economics (MVEA);03616576;F
Journal of Economics and Econometrics;#NV;F
Journal of Economics and Management (hint: Taiwanese Journal);18190917;F
Journal of Educational Planning and Administration;09713859;F
Journal of Emerging Knowledge on Emerging Markets;1946651X;F
Journal of Emerging Markets;10839798;F
Journal of Energy Finance and Development;10857443;F
Journal of Energy Markets;17563607;F
Journal of Energy and Development;03614476;F
Journal of Entrepreneurial Finance and Business Ventures (formerly: Journal of Entrepreneurial and Small Business Finance;15519570;F
Journal of Entrepreneurship Education;10988394;F
Journal of European Economy;1684906X;F
Journal of Financial Economic Policy;17576385;F
Journal of Financial Studies;10222898;F
Journal of Forensic Economics;08985510;F
Journal of Health Organization and Management;14777266;F
Journal of Human Resource Development;#NV;F
Journal of Income and Wealth;;F
Journal of Indonesian Economy and Business;20858272;F
Journal of Information Technology Management;10421319;F
Journal of International Agricultural Trade and Development;15568520;F
Journal of International Commerce and Economics;21526869;F
Journal of International Economic Studies;09111247;F
Journal of International Finance and Economics;15556336;F
Journal of International Management;10754253;F
Journal of International Research Publications: Economy and Business;13138006;F
Journal of International and Area Studies;12268550;F
Journal of International and Comparative Economics;09404821;F
Journal of Islamic Economics, Banking and Finance;20704658;F
Journal of Marketing Management;0267257X;F
Journal of Money and Economy;17351057;F
Journal of Money, Investment and Banking;1450288X;F
Journal of Pharmaceutical Finance, Economics and Policy (formerly: Journal of Research in Pharmaceutical Economics);15385698;F
Journal of Public Finance and Public Choice/Economia delle Scelte Pubbliche (formerly: Economia delle Scelte Pubbliche/Journal of Public Finance and Public Choice);11207019;F
Journal of Quantitative Economics, New Series (formerly: Journal of Quantitative Economics);9711554;F
Journal of Quantitative and Technical Economics;10003894;F
Journal of Research in Islamic Economics;;F
Journal of Risk Finance;15265943;F
Journal of Risk and Financial Management;19118066;F
Journal of Social and Economic Development;09725792;F
Journal of Social and Economic Policy (formerly: Indian Journal of Social and Economic Policy);#NV;F
Journal of Sport Management;8884773;F
Journal of Time Series Econometrics;19411928;F
Journal of Transnational Management (formerly: Journal of Transnational Management Development);15475778;F
Journal of Wine Economics;19314361;F
Journal of the Chinese Statistical Association;05296528;F
Journal of the Korean Economy;15982750;F
Journal of the Transportation Research Forum;10461469;F
Juncture (formerly: Public Policy Research;17445396;F
Kafkas ÜNiversitesi ?Ktisadi Ve ?Dari Bilimler FaküLtesi/Kafkas University Journal Of Economics And Administrative Sciences Faculty;;F
Kansantaloudellinen Aikakauskirja;00228427;F
Keio Economic Studies;00229709;F
Keizai Bunseki;04534727;F
Kobe University Economic Review;04541111;F
Kokumin-Keizai Zasshi;03873129;F
Korea And The World Economy;15982750;F
Kyoto Economic Review;13496786;F
Kyoto University Economic Review;00236055;F
L'Actualité Economique/Revue D'Analyse Economique (formerly: L'Actualité Economique);0001771X;F
L'Impresa;00356816;F
L'Industria, Nuova Serie (formerly: L'Industria);00197416;F
La Revue Des Sciences De Gestion;11607742;F
La Revue du Financier;02230143;F
Labuan Bulletin of International Business and Finance;16757262;F
Lahore Journal of Economics;18115438;F
Lecturas de Economia;01202596;F
Les Cahiers Du Cread;10120009;F
Liiketaloudellinen Aikakauskirja;00243469;F
Lloyds Bank Review;0024547X;F
Maliye Dergisi;13003623;F
Management Accounting;00251690;F
Management And Economics Review;2501885X;F
Management Training Review;;F
Managerial Economics;18981143;F
Managerial Finance;03074358;F
Managing Global Transitions;15816311;F
Manchester School (Formerly: Manchester School Of Economic And Social Studies);14636786;F
Margin: The Journal of Applied Economic Research (formerly: Margin);09738010;F
Market-TrzišTe;03534790;F
Marmara Avrupa Arastirmalari Dergisi/Marmara Journal of European Studies;13011359;F
Marmara Universitesi Iktisadi ve Idari Bilimler Fakultesi Dergisi;13007262;F
Marquette Business Review;;F
Matekon;00251127;F
Mathematical Economics Letters;21954623;F
Mathematical Systems in Economics;#NV;F
Mednarodna Revija za Javno Upravo/International Public Administration Review (formaly: Uprava/Administration);23353414;F
Mercato Concorrenza Regole;15905128;F
Mibes Transactions;17909899;F
Michigan Academician;00262005;F
Middle East Business And Economic Review;10353704;F
Middle East Development Journal;17938120;F
Middle East Journal;;F
Middle East Technical University Studies in Development;10109935;F
Middle Eastern Finance and Economics;14502889;F
Migration Studies;20495838;F
Mineral Economics;21912203;F
Modern Economy;21527245;F
Momento Económico;01862901;F
Mondo Aperto;00269492;F
Moneda y Crédito;0026959X;F
Moneta e Credito;00269611;F
Monetary Policy And The Economy;23091037;F
Monetary and Economic Studies;02888432;F
Montenegrin Journal of Economics;18005845;F
Multinational Finance Journal;10961879;F
NBER Macroeconomics Annual;8893365;F
National Westminster Bank Quarterly Review;00280399;F
Nationaløkonomisk Tidsskrift;00280453;F
Naše Gospodarstvo/Our Economy;05473101;F
Netnomics;13859587;F
New Mexico Business;;F
New Public Management;#NV;F
New York University Journal Of International Law And Politics;00287873;F
Nigerian Journal of Economic and Social Studies;00290092;F
Nomura Research Institute Quarterly Economic Review;13407880;F
Nordic Economic Policy Review;19044526;F
Nordic Journal Of Business;23429003;F
Nordic Journal of Political Economy;03458555;F
Nordic Tax Journal;22461809;F
Notas Económicas;08724733;F
ORDO - Jahrbuch für die Ordnung von Wirtschaft und Gesellschaft;482129;F
Oeconomia Copernicana;20831277;F
Oeconomia;21135207;F
Ohio State University Bulletin of Business Research;;F
Opec Energy ReviewÂ (Formaly: Opec Review);17530229;F
Oregon Business Review;;F
Osaka Economic Papers;04734548;F
PSL Quarterly Review (formerly: Banca Nazionale del Lavoro Quarterly Review );20373635;F
Pacific And Asian Journal Of Energy;09703888;F
Pacific Economic Bulletin;08178038;F
Pakistan Business Review;15618706;F
Pakistan Economic and Social Review;1011002X;F
Pakistan Journal Of Commerce And Social Sciences;19978553;F
Pakistan Journal of Applied Economics;02549204;F
Pakistan Journal of Social Sciences;#NV;F
Panorama Economico;01228900;F
Papeles de Economía Española;02109107;F
Papeles de Europa;19895917;F
Peace Science Society (International) Papers (formerly: Peace Research Society International Papers);00948055;F
Pecunia;16999495;F
Pennsylvania Economic Review;15310949;F
Pensamiento Iberoamericano: Revista de Economía Política;02120208;F
Pensamiento y Gestión;16576276;F
Pensions: An International Journal;14785315;F
Perfil de Coyuntura Económica;16574214;F
Perspectives On Labour And Income;08408750;F
Pesquisa e Planejamento Econômico;01000551;F
Pharmaceutical Journal of Kenya;#NV;F
Philippine Economic Journal;00317500;F
Philippine Review of Economics (formerly: Philippine Review of Economics and Business);16551516;F
Policy;10326634;F
Policy Analysis;00982067;F
Politica Economica/Journal Of Economic Policy;11209496;F
Poslovna izvrsnost/Business Excellence;18463355;F
Poverty And Public Policy;19442858;F
Practical Issues in Management and Economics;17915767;F
Principios: estudios de economía política;16987616;F
Problems Of Economic Transition (Formerly: Problems In Economics);10611991;F
Problems Of Economics;00329436;F
Public Finance And Management;15239721;F
Public Finance;00333476;F
Public Management;18960200;F
Public Policy Review;18800955;F
Public Policy;00333646;F
Punjab University Economist;;F
QA: Rivista dell' Associazione Rossi-Doria (formerly: La Questione Agraria);15938441;F
Quaderni di Economia e Finanza;11219610;F
Quaderni di Statistica e Matematica Applicata alle Scienze Economico-Sociali;#NV;F
Qualitative Research In Financial Markets;17554179;F
Quantile;23093013;F
Quarterly Energy Economics Review;17351626;F
Quarterly Iranian Economic Research;17260728;F
Quarterly Journal Of Austrian Economics;10983708;F
Quarterly Journal of Economic Growth and Development Research;22285954;F
Quarterly Journal of Finance and Accounting (formerly: Quarterly Journal of Business and Economics;7475535;F
Quarterly Journal of Finance;20101392;F
Quarterly Journal of the Economic Research;17356768;F
Quarterly Review of the Rural Economy (formerly: Quarterly Review of Agricultural Economics);01567446;F
Quarterly Selection of Articles;17782333;F
RWI-Mitteilungen;9330089;F
Rassegna Economica;0390010X;F
Real Estate Economics (formerly: Journal of the American Real Estate and Urban Economics Association;10808620;F
Recma: Revue Internationale de lEconomie Sociale;00352020;F
Region;24095370;F
Regulation;01470590;F
Research In Applied Economics;19485433;F
Research In Economics (Formerly: Ricerche Economiche);10909443;F
Research in World Economy;19233981;F
Reserve Bank of India Occasional Papers;09727493;F
Review Of Integrative Business And Economics Research;24146722;F
Review Of Social Sciences;19956584;F
Review of Accounting and Finance;14757702;F
Review of Applied Economics;09731687;F
Review of Applied Socio-Economic Research;22476172;F
Review of Asset Pricing Studies;20459920;F
Review of Behavioral Finance;19405979;F
Review of Business Research;15462609;F
Review of Business and Economic Literature (formerly: Review of Business and Economics;20347677;F
Review of Business and Economic Research (formerly: Mississippi Valley Journal of Business and Economics);3627985;F
Review of Corporate Finance Studies;20469128;F
Review of Economic Analysis;19733909;F
Review of Economic Research on Copyright Issues;16981359;F
Review of Economic Sciences;11092629;F
Review of Economic and Business Studies;1843763X;F
Review of Economics and Finance;19237529;F
Review of Economics and Institutions / Economia, Società e Istituzioni;20381379;F
Review of Economics(formerly: Jahrbuch für Wirtschaftswissenschaften);9485139;F
Review of Finance and Banking;20672713;F
Review of Futures Markets;0898011X;F
Review of Islamic Economics;09622055;F
Review of Middle East Economics and Finance;14753693;F
Revija za Pravo i Ekonomiju/Review for Law and Economics;15126706;F
Revista Brasileira de Economia de Empresas/Brazilian Journal of Business Economics;16768000;F
Revista Brasileira de Finanças;16790731;F
Revista Ciencias EconóMicas;02529521;F
Revista Ciencias Estratégicas;17948347;F
Revista De EconomíA;07975546;F
Revista De Historia EconóMica;02126109;F
Revista Ean;01208160;F
Revista Europea De Direcció Y EconomíA De La Empresa;10196838;F
Revista Facultad de Ciencias Económicas: Investigación y Reflexión;01216805;F
Revista Finanzas y Política Económica;22486046;F
Revista Internacional Administración and Finanzas;1933608X;F
Revista Mexicana de Economia y Finanzas/Mexican Journal of Economics and Finance;16655346;F
Revista Nicolaita De Estudios EconóMicos;18705464;F
Revista Universitaria Europea;11395796;F
Revista de Economia Política;01013157;F
Revista de Economía (Universidad Autónoma de Yucatán);0188266X;F
Revista de Economía Financiera;16979761;F
Revista de Economía del Caribe;20112106;F
Revista de Empresa Familiar;21742529;F
Revista española de economía;02101025;F
Revue Européenne des Sciences Sociales;488046;F
Revue Finance Contrôle Stratégie;12871141;F
Revue FrançAise D'Economie;07690479;F
Revue Française de Socio-Économie;;F
Revue Internationale PME, Economie et gestion de la petite et moyenne entreprise;7765436;F
Revue Roumaine des Sciences Sociales;0035404X;F
Revue Tiers Monde;12938882;F
Revue d'Economie Financière;09873368;F
Revue d'Economie Regionale et Urbaine;01807307;F
Revue d'Etudes en Agriculture et Environnement/Review of Agricultural and Environmental Studies (formerly: Cahiers d'Economie et Sociologie Rurales);19669607;F
Revue de Philosophie Economique/Review of Economic Philosophy (formerly: Revue de Philosophie Economique);13760971;F
Revue de Science Financière;;F
Revue de la régulation;19577796;F
Revue interventions economiques/Papers in Political Economy;17107377;F
Risk Decision and Policy;13575309;F
Risk Governance and Control;#NV;F
Risk;#NV;F
Risparmio;00355615;F
Rivista Bancaria-Minerva Bancaria;15947556;F
Rivista Economica del Mezzogiorno;11209534;F
Rivista Italiana Degli Economisti;15938662;F
Rivista di Economia Agraria;00356190;F
Rivista di Politica Economica;00356468;F
Rivista di Statistica Applicata;;F
Rivista di Storia Economica, N.S.;03933415;F
Romanian Economic Journal;14544296;F
Romanian Economic and Business Review;18422497;F
Romanian Journal Of Fiscal Policy;20690983;F
Russian Economic Trends;09670793;F
Région et Développement;12675059;F
Schmalenbach Business Review;14392917;F
Schmalenbachs Zeitschrift Fur Betriebswirtschaftliche Forschung;03412687;F
Schmollers Jahrbuch: Journal Of Contextual Economics;1439121X;F
Schmollers Jahrbuch: Zeitschrift für Wirtschafts- und Sozialwissenschaften/Journal of Applied Social Science Studies (formerly: Zeitschrift für Wirtschafts- und Sozialwissenschaften;03421783;F
Schweizerische Nationalbank Quartalsheft;14233789;F
Schweizerische Zeitschrift für Volkswirtschaft und Statistik / Swiss Journal of Economics and Statistics;03039692;F
Scientific Annals of the &quot;03797864;F
Scientific Journal of Administrative Development;17263239;F
Semestre Económico;01206346;F
Sinapsis;2145969X;F
Sloan Management Review;0019848X;F
Sociedad y Economía;16576357;F
Socioeconomica;22177558;F
Sociologia del Lavoro;03925048;F
Sociologia internationalis;380164;F
Sosyoekonomi;13055577;F
South Asian Journal of Macroeconomics and Public Finance (formaly: India Macroeconomics Annual);22779787;F
South-Eastern Europe Journal of Economics;11098597;F
Southern Quarterly;;F
Southwestern Economic Review;;F
Sovremennaâ èkonomika: Problemy, tendencii, perspektivy/Modern Economics: Problems, Trends, Prospects;22226532;F
Sozialer Fortschritt;0038609X;F
Spanish Economic Review (formerly: Revista Española de Economía);14355469;F
Spoudai;11058919;F
Sri Lanka Economic Journal;13915894;F
Ss International Journal Of Business And Management Research;22314970;F
State Bank of Pakistan Research Bulletin;1994201X;F
Statistical Review;17911745;F
Statsokonomisk Tidsskrift;;F
Storia del Pensiero Economico;;F
Strategic Behavior And The Environment;1944012X;F
Studi Economici;00392928;F
Studi e note di economia;17204100;F
Studia Universitatis Babes-Bolyai Oeconomica;12200506;F
Studies In Business And Economics;18424120;F
Studies In Microeconomics;23210222;F
Studies in Agricultural Economics;14182106;F
Supreme Court Economic Review;07369921;F
Survey of Current Business;00396222;F
Swedish Economic Policy Review;14001829;F
Tahghighat-e-Eghtesadi (formerly: Tahqiqat–e eqtesadi;00398969;F
Taipei Economic Inquiry;10181245;F
Taiwan Economic Forecast And Policy;17298849;F
Taiwan Economic Review;10183833;F
Teaching Business and Economics;13673289;F
The International Food and Agribusiness Management Review;15592448;F
The Journal of Corporation Law;0360795X;F
The Journal of sustainable real estate;#NV;F
Theoretical And Applied Economics;18418678;F
Theoretical Economics Letters;21622078;F
Theoretical and Practical Research in Economic Fields;20687710;F
Tijdschrift voor Politieke Economie;0165442X;F
Timisoara Journal of Economics and Business;18447139;F
Topics in Middle Eastern and North African Economies;2334282X;F
Transnational Corporations Review;19186444;F
Transportation Research Record: Journal of the Transportation Research Board;3611981;F
Turkish Economic Review;21490414;F
UNCTAD Review;1014370X;F
Ukrainian Economic Review;1080725X;F
Uluslararasi Iktisadi Ve Idari Incelemeler Dergisi/International Journal Of Economic And Administrative Studies;13079832;F
Universal Journal Of Accounting And Finance;23319712;F
Universal Journal Of Management;2331950X;F
University of Missouri Business and Government Review;;F
University of Washington Business Review;;F
Urban Public Economics Review/Revista de Economía Pública Urbana;16976223;F
Utms Journal Of Economics;18576974;F
Venture Capital in Europe;#NV;F
Verslo ir Teises Aktualijos/Current Issues of Business and Law;18229530;F
Vie et Sciences de l'Entreprise (formerly: Vie et Sciences Economiques);0336142X;F
Virginia Economic Journal;10851046;F
WIFO-Monatsberichte (Österreichisches Institut für Wirtschaftsforschung);00299898;F
Wirtschaft und Recht;00436135;F
Wirtschaft und Wettbewerb;00436151;F
Wirtschaftspolitische Blätter;;F
WorkingUSA;10897011;F
World Competition: Law and Economics Review;10114548;F
World Tax Journal;18784917;F
YDU Sosyal Bilimler Dergisi/NEU Journal of Social Sciences;19861303;F
Yale Economic Essays;;F
Yale Journal on Regulation;07419457;F
Yapi Kredi Economic Review;10191232;F
Yönetim ve Ekonomi;13020064;F
Zagreb International Review of Economics and Business;13315609;F
Zbornik Ekonomskog Fakulteta u Zagrebu;13338900;F
Zbornik Radova Ekonomskog Fakulteta u Istocnom Sarajevu;18403557;F
Zbornik Radova Ekonomskog Fakulteta u Mostaru;18403255;F
Zbornik Radova/Journal Of Economy And Business;18403255;F
Zeitschrift FüR Unternehmensgeschichte;03422852;F
Zeitschrift FüR Wirtschaftspolitik;07213808;F
Zeitschrift für ArbeitsmarktForschung/Journal for Labour Market Research (formerly: Mitteilungen aus der Arbeitsmarkt- und Berufsforschung);16143485;F
Zeitschrift für Umweltpolitik und Umweltrecht/Journal of Environmental Law and Policy;09310983;F
Zeitschrift für Wirtschafts- und Unternehmensethik;#NV;F
Zeitschrift für die gesamte Versicherungswissenschaft;442585;F
ZfbF Schmalenbachs Zeitschrift für betriebswirtschaftliche Forschung;3412687;F
Zhournal Novoi Ekonomicheskoi Associacii/Journal of the New Economic Association;22212264;F
e-Finanse;1734039X;F
e-Pública;18855628;F
eJADE: Electronic Journal of Agricultural and Development Economics;18127029;F
Çankiri Karatekin Üniversitesi Iktisadi ve Idari Bilimler Fakültesi Dergisi/Çankiri Karatekin University Journal of the Faculty of Economics and Administrative Sciences;13085549;F
Œconomica;12230685;F
