Title;ISSN;Class 2018
The Academy of Management Annals;19416520;A+
Academy of Management Journal;00014273;A+
Academy of Management Review;03637425;A+
Administrative Science Quarterly;00018392;A+
American Economic Journal: Applied Economics;19457782;A+
American Economic Journal: Economic Policy;19457731;A+
American Economic Journal: Macroeconomics;19457707;A+
American Economic Review;00028282;A+
Annual Review of Economics;19411383;A+
Annual Review of Psychology;00664308;A+
Econometrica;00129682;A+
Journal of Finance;00221082;A+
Journal of Financial Economics;0304405X;A+
Journal of Labor Economics;0734306X;A+
Journal of Marketing;00222429;A+
Journal of Political Economy;00223808;A+
Management Science;00251909;A+
Psychological Bulletin;00332909;A+
Quarterly Journal of Economics;00335533;A+
Review of Economic Studies;00346527;A+
Review of Financial Studies;08939454;A+
Science;00368075;A+
Strategic Management Journal;01432095;A+
Accounting Review;00014826;A
American Economic Journal: Microeconomics;19457669;A
American Sociological Review;00031224;A
Annals of Statistics;00905364;A
Annual Review of Financial Economics;19411367;A
Annual Review of Sociology;03600572;A
Brookings Papers on Economic Activity;00072303;A
Current Directions in Psychological Science;09637214;A
Economic Journal;00130133;A
Journal of Accounting and Economics;01654101;A
Journal of Accounting Research;00218456;A
Journal of Applied Econometrics;08837252;A
Journal of Applied Psychology;00219010;A
Journal of Business Venturing;08839026;A
Journal of Communication;00219916;A
Journal of Conflict Resolution;00220027;A
Journal of Consumer Research;00935301;A
Journal of Econometrics;03044076;A
Journal of Economic Growth;13814338;A
Journal of Economic Literature;00220515;A
Journal of Economic Perspectives;08953309;A
Journal of Human Resources;0022166X;A
Journal of International Business Studies JIBS;00472506;A
Journal of International Economics;00221996;A
Journal of Management;01492063;A
Journal of Management Studies;00222380;A
Journal of Marketing Research;00222437;A
Journal of Monetary Economics;03043932;A
Journal of Operations Management;02726963;A
Journal of Personality and Social Psychology;00223514;A
Journal of Public Administration Research and Theory (JPART);10531858;A
Journal of Service Research;10946705;A
Journal of Supply Chain Management (formerly: International Journal of Purchasing and Materials Management);15232409;A
Journal of the Academy of Marketing Science;00920703;A
Journal of the American Statistical Association;01621459;A
Journal of the European Economic Association;15424766;A
Journal of the Royal Statistical Society. Series B Statistical Methodology;13697412;A
Management Information Systems Quarterly (MIS Quarterly);02767783;A
Manufacturing and Service Operations Management;15234614;A
Marketing Science;07322399;A
Organization Science;10477039;A
Personnel Psychology;00315826;A
Progress in Human Geography;03091325;A
Psychological Review;0033295X;A
Psychological Science;09567976;A
Quantitative Economics;17597323;A
Quantitative Marketing and Economics;15707156;A
Quarterly Journal of Political Science;15540626;A
Review of Economic Dynamics;10942025;A
Review of Economics and Statistics;00346535;A
Structural Equation Modeling;10705511;A
Theoretical Economics;15557561;A
Academy of Management Perspectives (formerly: Academy of Management Executive);15589080;B
American Journal of Public Health;00900036;B
American Journal of Sociology;00029602;B
Antipode;14678330;B
Biometrika;14643510;B
Cambridge Journal of Regions, Economy and Society;17521378;B
Contemporary Accounting Research/Recherche Comptable Contemporaine;08239150;B
Econometric Theory;02664666;B
Econometrics Journal;13684221;B
Economic Geography;00130095;B
Economic Policy (formerly: Economic Policy: A European Forum);02664658;B
Economic Theory;09382259;B
Economica;00130427;B
Entrepreneurship: Theory and Practice;10422587;B
Environment and Planning / D, Society and Space;02637758;B
Environmental Science & Technology;0013936X;B
European Journal of Operational Research EJOR;03772217;B
European Sociological Review;14682672;B
Family Business Review;08944865;B
Finance and Stochastics;09492984;B
Foundations and Trends in Finance;15672395;B
Global Environmental Change;09593780;B
Governance;09521895;B
IEEE Transactions on Evolutionary Computation;1089778X;B
"IMF Economic Review (formerly: IMF Staff Papers International Monetary Fund Staff Papers)""""""";20414161;B
Information Systems Research;10477047;B
Information, Communication and Society;1369118X;B
International Economic Review;00206598;B
International Journal of Central Banking;18154654;B
International Journal of Management Reviews IJMR;14608545;B
International Journal of Production Economics;09255273;B
International Journal of Research in Marketing;01678116;B
International Public Management Journal;10967494;B
Journal of Business and Economic Statistics;07350015;B
Journal of Computer Mediated Communication (JCMC);10836101;B
Journal of Consumer Psychology;10577408;B
Journal of Development Economics;03043878;B
Journal of Economic Geography;14682702;B
Journal of Economic Theory;00220531;B
Journal of European Public Policy;13501763;B
Journal of Financial and Quantitative Analysis;00221090;B
Journal of Health Economics;01676296;B
Journal of Interactive Marketing;10949968;B
Journal of Management Information Systems;07421222;B
Journal of Money, Credit and Banking;00222879;B
Journal of Occupational Health Psychology;10768998;B
Journal of Organizational Behavior;08943796;B
Journal of Product Innovation Management;07376782;B
Journal of Public Economics;00472727;B
Journal of Retailing;00224359;B
Journal of Travel Research;472875;B
Journal of Urban Economics;00941190;B
Leadership Quarterly;10489843;B
Mathematical Finance;09601627;B
Mathematical Programming;00255610;B
Multivariate Behavioral Research;00273171;B
Omega;03050483;B
Operations Research;0030364X;B
Organizational Research Methods;10944281;B
Production and Operations Management;10591478;B
Psychometrika;00333123;B
Public Administration Review;00333352;B
RAND Journal of Economics (formerly: Bell Journal of Economics);07416261;B
Research Policy;00487333;B
Review of Accounting Studies;13806653;B
Review of Environmental Economics and Policy;17506816;B
Review of Finance (formerly: European Finance Review);15723097;B
Socio-Economic Review;14751461;B
Stata Journal;1536867X;B
Strategic Entrepreneurship Journal;19324391;B
Tourism Management;02615177;B
Transportation Research Part B: Methodological;01912615;B
Transportation Research Part C: Emerging Technologies;0968090X;B
Transportation Science;00411655;B
West European Politics;01402382;B
World Bank Research Observer;02573032;B
Academy of Management Learning and Education;1537260X;C
Accident Analysis and Prevention;00014575;C
Accounting, Auditing & Accountability Journal;09513574;C
Accounting, Organizations and Society;03613682;C
ACM Computing Surveys;03600300;C
Active Learning in Higher Education;14697874;C
African Affairs;14682621;C
Agricultural Economics;01695150;C
American Journal of Agricultural Economics;00029092;C
American Psychologist;0003066X;C
American Review of Public Administration;02750740;C
Annals of Tourism Research;01607383;C
Annual Review of Resource Economics;19411340;C
Applied Psychology. An International Review;0269994X;C
Auditing: A Journal of Practice and Theory;02780380;C
British Educational Research Journal;01411926;C
British Journal of Educational Technology;00071013;C
British Journal of Industrial Relations;00071080;C
British Journal of Management;10453172;C
British Journal Of Psychology;00071269;C
Business & Society;00076503;C
Business Horizons;00076813;C
Business Strategy and the Environment;09644733;C
California Management Review;00081256;C
China Quarterly;03057410;C
Climate Policy;14693062;C
Communication Research;00936502;C
Computational Statistics and Data Analysis;01679473;C
Computers and Industrial Engineering;03608352;C
Computers and Operations Research;03050548;C
Computers in Human Behavior;07475632;C
Corporate Social Responsibility and Environmental Management (formerly: Eco Management and Auditing);15353958;C
Critical Perspectives on Accounting;10452354;C
Current Issues in Tourism;13683500;C
Decision Sciences;00117315;C
Decision Support Systems;01679236;C
Ecological Economics;09218009;C
Econometric Reviews;07474938;C
Economic Development and Cultural Change;00130079;C
Economic Systems Research;09535314;C
Economics and Human Biology;1570677X;C
Economics of Education Review;02727757;C
Economics of Transportation;22120122;C
Electoral Studies;02613794;C
Energy Economics;01409883;C
Energy Policy;03014215;C
Entrepreneurship and Regional Development;08985626;C
Environment and Planning / A;0308518X;C
Environmental Science & Policy;14629011;C
European Economic Review;00142921;C
European Journal of Industrial Relations;09596801;C
European Journal of Information Systems;0960085X;C
Journal of Purchasing and Supply Management (formerly: European Journal of Purchasing and Supply Management);14784092;C
European Journal of Social Psychology;00462772;C
European Journal of Work and Organizational Psychology;1359432X;C
European Management Journal;02632373;C
Experimental Economics;13864157;C
Expert Systems with Applications;09574174;C
Feminist Economics;13545701;C
Flexible Services and Manufacturing Journal (formerly: International Journal of Flexible Manufacturing Systems);19366582;C
Food Policy;03069192;C
Foundations and Trends in Accounting;15540642;C
Futures;00163287;C
Games and Economic Behavior;08998256;C
Global Strategy Journal;20425791;C
Government Information Quarterly;0740624X;C
Group and Organization Management (formerly: Group and Organization Studies);10596011;C
Health Care Management Review;03616274;C
Health Economics;10579230;C
Health Policy;01688510;C
Health Services Research;00179124;C
Higher Education;00181560;C
Human Factors;00187208;C
Human Relations;00187267;C
Human Resource Management;00904848;C
Human Resource Management Review;10534822;C
Human Resources for Health;14784491;C
IISE Transactions (formerly: IIE Transactions);24725854;C
Industrial and Corporate Change;09606491;C
Industrial and Labor Relations Review;00197939;C
Industrial Marketing Management;00198501;C
Information and Management;03787206;C
Information Systems Journal;13501917;C
INFORMS Journal on Computing (formerly: ORSA Journal on Computing);10919856;C
International Journal of Advertising;02650487;C
International Journal of Contemporary Hospitality Management;09596119;C
International Journal of Electronic Commerce (IJEC);10864415;C
International Journal of Forecasting;01692070;C
International Journal of General Systems;03081079;C
International Journal of Hospitality Management;02784319;C
International Journal of Information Management;02684012;C
International Journal of Operations and Production Management;01443577;C
International Journal of Physical Distribution and Logistics Management;09600035;C
International Journal of Production Research;00207543;C
International Journal of Project Management;02637863;C
International Journal of Tourism Research;10992340;C
International Journal of Urban and Regional Research;03091317;C
International Small Business Journal;02662426;C
International Statistical Review;17515823;C
Internet Research;10662243;C
Journal of Common Market Studies;00219886;C
Journal of Advertising;00913367;C
Journal of Agrarian Change;14710358;C
Journal of Banking and Finance;03784266;C
Journal of Business and Psychology;08893268;C
Journal of Business Ethics;01674544;C
Journal of Business Logistics;07353766;C
Journal of Business Research;01482963;C
Journal of Cleaner Production;09596526;C
Journal of Corporate Finance;09291199;C
Journal of Economic Behavior and Organization;01672681;C
Journal of Economic Dynamics and Control;01651889;C
Journal of Economic History;00220507;C
Journal of Economic Surveys;09500804;C
Journal of Education Policy;02680939;C
Journal of Environmental Economics and Management;00950696;C
Journal of Experimental Social Psychology;00221031;C
Journal of Family Business Strategy;18778585;C
Journal of Financial Econometrics;14798409;C
Journal of Financial Intermediation;10429573;C
Journal of Financial Markets;13864181;C
Journal of Financial Services Research;09208550;C
Journal of Financial Stability;15723089;C
Journal of Global Optimization;09255001;C
Journal of Hospitality and Tourism Research;10963480;C
Journal of Industrial Ecology;10881980;C
Journal of Information Technology;02683962;C
Journal of International Management;10754253;C
Journal of International Marketing;1069031X;C
Journal of International Money and Finance;02615606;C
Journal of Law and Economics;00222186;C
Journal of Law, Economics, and Organization;87566222;C
Journal of Management in Engineering;0742597X;C
JOURNAL OF MANUFACTURING SYSTEMS;02786125;C
Journal of Multivariate Analysis;0047259X;C
Journal of Occupational and Organizational Psychology;09631798;C
Journal of Policy Analysis and Management;02768739;C
Journal of Population Economics;09331433;C
Journal of Public Policy and Marketing;07439156;C
Journal of Quality Technology;00224065;C
Journal of Regional Science;00224146;C
Journal of Risk and Uncertainty;08955646;C
Journal of School Psychology;00224405;C
Journal of Service Management (formerly: International Journal of Service Industry Management);17575818;C
Journal of Small Business Management (JSBM);00472778;C
Journal of Sustainable Tourism;09669582;C
Journal of Technology Transfer;08929912;C
Journal of the Association for Information Science and Technology (JASIST) (formerly: Journal of the American Society for Information Science and Technology);15322882;C
Journal of the Association for Information Systems (JAIS);15369323;C
Journal of the Royal Statistical Society. Series A: Statistics in Society;09641998;C
Journal of the Royal Statistical Society. Series C Applied Statistics;00359254;C
Journal of Time Series Analysis;01439782;C
Journal of Transport Geography;09666923;C
Journal of Vocational Behavior;00018791;C
Journal of World Business (formerly: Columbia Journal of World Business);10909516;C
Judgment and Decision Making;19302975;C
Labour Economics;09275371;C
Long Range Planning;00246301;C
Management Accounting Research;10445005;C
Mathematics of Operations Research;0364765X;C
Medical Care;00257079;C
Medical Decision Making;0272989X;C
Milbank Quarterly;0887378X;C
MIS Quarterly Executive;15401960;C
Networks and Spatial Economics;1566113X;C
New Political Economy;13563467;C
Occupational and Environmental Medicine;13510711;C
OR Spectrum (formerly: OR Spektrum);01716468;C
Organization;13505084;C
Organization and Environment;10860266;C
Organization Studies;01708406;C
Organizational Behavior and Human Decision Processes;07495978;C
Organizational Psychology Review;20413866;C
Oxford Bulletin of Economics and Statistics (formerly: Bulletin of the Institute of Economics and Statistics (Oxford University));03059049;C
Personality and Social Psychology Bulletin;01461672;C
PharmacoEconomics;11707690;C
Policy Sciences;00322687;C
Policy Studies Journal;0190292X;C
Political Studies;00323217;C
Production Planning and Control;09537287;C
Psychological Research;03400727;C
Psychology and Marketing;07426046;C
Public Administration;00333298;C
Public Management Review;14719037;C
Public Opinion Quarterly;15375331;C
Quarterly Journal of Experimental Psychology;17470218;C
Regional Science and Urban Economics;01660462;C
Regional Studies;00343404;C
Regulation and Governance;17485983;C
RELIABILITY ENGINEERING & SYSTEM SAFETY;09518320;C
Research Evaluation;09582029;C
Research in Higher Education;03610365;C
Research in Organizational Behavior;01913085;C
Resource and Energy Economics (formerly: Resources and Energy);09287655;C
Review of International Political Economy;09692290;C
Scandinavian Journal of Economics (formerly: Swedish Journal of Economics);03470520;C
Scandinavian Journal of Statistics;14679469;C
Scandinavian Journal of Work Environment and Health;03553140;C
Science, Technology and Human Values;01622439;C
SIAM Journal on Optimization;10526234;C
Sloan Management Review;15329194;C
Small Business Economics;0921898X;C
Social Forces;15347605;C
Social Science and Medicine;02779536;C
Social Studies of Science;03063127;C
Sociological Review;00380261;C
Sociology;00380385;C
Sociology of Health and Illness;01419889;C
Strategic Organization;14761270;C
Studies in Higher Education;03075079;C
Supply Chain Management. An International Journal;13598546;C
"Systems &amp Control Letters""""""";01676911;C
Technological Forecasting and Social Change;00401625;C
Technovation;01664972;C
Journal of Strategic Information Systems;09638687;C
Transport Policy;0967070X;C
Transport Reviews;01441647;C
Transportation;00494488;C
Transportation Research Part A: Policy and Practice;09658564;C
Transportation Research Part D: Transport and Environment;13619209;C
Transportation Research Part E: Logistics and Transportation Review (formerly: Logistics and Transportation Review);13665545;C
Urban Studies;00420980;C
Value in Health;10983015;C
Work and Occupations;07308884;C
Work and Stress;02678373;C
Work Employment and Society;09500170;C
World Development;0305750X;C
4OR: A Quarterly Journal of Operations Research (formerly: 4OR: Quarterly Journal of the Belgian, French and Italian Operations Research Societies);16194500;D
Accounting and Business Research;00014788;D
Accounting Education;09639284;D
Accounting Education: An International Journal;0963284 ;D
Accounting Forum;01559982;D
Accounting Horizons;08887993;D
ACM Transactions on Database Systems;03625915;D
Administration and Public Management Review;15839583;D
Administration and Society;00953997;D
Advances in Econometrics;07319053;D
Advances in Strategic Management;07423322;D
American Behavioral Scientist;00027642;D
American Law and Economics Review;14657252;D
Annals of Operations Research;02545330;D
Applied Cognitive Psychology;08884080;D
Applied Ergonomics;00036870;D
Applied Health Economics and Health Policy;11755652;D
Applied Psychology - Health and Well Being;17580846;D
Applied Psychology Measurement;01466216;D
Applied Stochastic Models in Business and Industry;15241904;D
Artificial Intelligence;00043702;D
Asia Pacific Journal of Management;02174561;D
ASTIN Bulletin;05150361;D
Basic and Applied Social Psychology;15324834;D
Behaviour and Information Technology;0144929X;D
BMC Health Services Research;14726963;D
British Journal of Social Psychology;01446665;D
British Journal of Sociology;00071315;D
"Building Research &amp Information""""""";09613218;D
Bulletin of Indonesian Economic Studies;00074918;D
Business & Information Systems Engineering (formerly: Wirtschaftsinformatik);09376429;D
Business Economics;0007666X;D
Business Ethics Quarterly (BEQ);1052150X;D
Business Ethics - A European Review;09628770;D
Cambridge Journal of Economics;0309166X;D
Canadian Journal of Economics;00084085;D
Career Development Quarterly;08894019;D
China Economic Review;1043951X;D
Cliometrica;18632505;D
Cognition, Technology and Work;14355558;D
Communications of the ACM CACM;00010782;D
Competition and Change;10245294;D
Computational Optimization and Applications;09266003;D
Computational Statistics;16139658;D
Computers in Industry;01663615;D
Concurrent Engineering: Research and Applications;1063293X;D
Construction Management and Economics;01446193;D
"consumption markets &amp culture""""""";10253866;D
Contemporary Economic Policy (formerly: Contemporary Policy Issues);10743529;D
Contributions to Political Economy;02775921;D
Cornell Hospitality Quarterly;19389655;D
Corporate Governance An International Review;09648410;D
Creativity and Innovation Management;09631690;D
Critical Social Policy;02610183;D
Current Sociology;00113921;D
Development and Change;0012155X;D
Disability and Rehabilitation;09638288;D
Discrete Applied Mathematics;0166218X;D
DISCRETE EVENT DYNAMIC SYSTEMS-THEORY AND APPLICATIONS;09246703;D
Economic and Industrial Democracy;0143831X;D
Economic History Review (formerly: Economic History Review, Second Series);00130117;D
Economic Inquiry (formerly: Western Economic Journal);00952583;D
Economic Modelling;02649993;D
Economics and Politics;09541985;D
Economics Letters;01651765;D
Economy and Society;03085147;D
Educational Management Administration and Leadership;17411432;D
Electronic Commerce Research and Applications;15674223;D
Electronic Markets;10196781;D
Emerging Markets Review;15660141;D
The Energy Journal (IAEE);01956574;D
Engineering Construction and Architectural Management;09699988;D
Engineering, Construction and Architectural Management;0969998X;D
Environment and Planning: C-Politics and Space(formerly: C Government and Policy);23996544;D
Environmental and Resource Economics;09246460;D
Environmental Management;0364152X;D
Ergonomics;00140139;D
Eurasian Geography and Economics (formerly: Post-Soviet Geography and Economics);15387216;D
EURO Journal on Computational Optimization;21924406;D
European Accounting Review;09638180;D
European Financial Management;13547798;D
European Journal of Marketing;03090566;D
European Journal of Political Economy;01762680;D
European Journal of the History of Economic Thought;09672567;D
European Management Review;17404754;D
European Planning Studies;09654313;D
European Psychologist;10169040;D
European Review of Agricultural Economics;01651587;D
European Review of Economic History;13614916;D
European Sport Management Quarterly (formerly: European Journal for Sport Management);16184742;D
European Urban and Regional Studies;09697764;D
Evaluation;13563890;D
Evolutionary Computation;10636560;D
Explorations in Economic History;00144983;D
Financial Analysts' Journal;0015198X;D
Financial Management;00463892;D
Financial Review;07328516;D
Foundations and Trends  in Econometrics;15513076;D
Fuzzy Optimization and Decision Making;15684539;D
Fuzzy Sets and Systems;01650114;D
Gender, Work and Organization;09686673;D
German Economic Review;14656485;D
Global Networks;14702266;D
Group Dynamics: Theory, Research and Practice;10892699;D
Group Processes and lntergroup Relations;13684302;D
Health Care Management Science;13869620;D
Health Economics, Policy and Law;17441331;D
Health Information and Libraries Journal;14711842;D
Higher Education Policy;09528733;D
Higher Education Quarterly;09515224;D
History of Political Economy;00182702;D
Human Performance;08959285;D
Human Resource Development Quarterly;10448004;D
Human Resource Management Journal;09545395;D
IEEE Transactions on Engineering Management;00189391;D
IEEE Transactions on Intelligent Transportation Systems;15249050;D
IEEE Transactions on Knowledge and DATA Engineering;10414347;D
Industrial and Organizational Psychology - Perspectives on Science and Practice;17549426;D
Industrial Management & Data Systems;02635577;D
Industrial Relations;00198676;D
Industry and Innovation (formerly: Journal of Industry Studies);13662716;D
Information and Organization;14717727;D
Information Processing and Management;03064573;D
Information Society;01972243;D
Information Systems;03064379;D
Information Systems Frontiers;13873326;D
"Information Technology &amp People""""""";09593845;D
Insurance: Mathematics and Economics;01676687;D
International Archives of Occupational and Environmental Health;03400131;D
International Business Review;09695931;D
International Entrepreneurship and Management Journal;15547191;D
International Finance;13670271;D
International Journal of Agile Systems and Management;17419174;D
International Journal of Bank Marketing;02652323;D
International Journal of Business Communication;23294884;D
International Journal of Computer Integrated Manufacturing;0951192X;D
International Journal of Construction Management;15623599;D
International Journal of Consumer Studies (formerly: Journal of Consumer Studies and Home Economics);14706423;D
International Journal of Health Economics and Management (formaly: International Journal of Health Care Finance and Economics);21999023;D
International Journal of Human Resource Management;09585192;D
International Journal of Industrial Ergonomics;01698141;D
International Journal of Industrial Organization;01677187;D
International Journal of Intercultural Relations;01471767;D
International Journal of Logistics Management;09574093;D
International Journal of Logistics: Research and Applications;13675567;D
International Journal of Mobile Communications;1470949X;D
International Journal of Psychology;00207594;D
International Journal of Retail and Distribution Management (formerly: International Journal of Retailing);09590552;D
International Journal of Selection and Assessment;0965075X;D
International Journal of Sport Policy and Politics;19406940;D
International Journal of Stress Management;10725245;D
International Journal of Systems Science;00207721;D
International Journal of Technology Assessment in Health Care;02664623;D
International Journal on Media Management;14241277;D
International Marketing Review;02651335;D
International Review of Administrative Sciences;00208523;D
International Review of Economics and Finance;10590560;D
International Review of Environmental and Resource Economics;19321465;D
International Review of Financial Analysis;10575219;D
International Tax and Public Finance;09275940;D
International Transactions in Operational Research;09696016;D
Issues in Accounting Education;07393172;D
IZA Journal of Labor Economics;21938997;D
Journal of Accounting and Public Policy;02784254;D
Journal of Accounting Education;07485751;D
Journal of Accounting Literature;07374607;D
Journal of Advertising Research JAR;00218499;D
Journal of Agricultural and Resource Economics (formerly: Western Journal of Agricultural Economics);10685502;D
Journal of Agricultural Economics;0021857X;D
Journal of Air Transport Management;09696997;D
Journal of Applied Behavioral Science;00218863;D
Journal of Applied Probability;00219002;D
Journal of Applied Social Psychology;00219029;D
Journal of Behavioral Decision Making;08943257;D
Journal of Brand Management;1350231X;D
Journal of Business and Industrial Marketing;8858624;D
JOURNAL OF BUSINESS AND TECHNICAL COMMUNICATION;10506519;D
Journal of Business Finance and Accounting;0306686X;D
Journal of Career Assessment;10690727;D
Journal of Career Development;08948453;D
Journal of Comparative Economics;01475967;D
Journal of Computer Information Systems;08874417;D
Journal of Construction Engineering and Management;07339364;D
Journal of Consumer Affairs;00220078;D
Journal of Consumer Behaviour;14720817;D
Journal of Consumer Marketing;07363761;D
Journal of Cross-Cultural Psychology;00220221;D
Journal of Cultural Economy;17530350;D
Journal of Destination Marketing & Management;2212571X;D
Journal of Development Studies;00220388;D
Journal of Economic Inequality;15691721;D
Journal of Economic Methodology (formerly: Methodus);1350178X;D
Journal of Economic Psychology;01674870;D
Journal of Economic Studies;01443585;D
Journal of Economics and Management Strategy;10586407;D
Journal of Education and Work;13639080;D
Journal of Electronic Commerce Research;15266133;D
Journal of Empirical Finance;09275398;D
Journal of Engineering and Technology Management (formerly: Engineering Management International);09234748;D
Journal of Enterprise Information Management;17410398;D
Journal of Environmental Management;03014797;D
Journal of Environmental Planning and Management;09640568;D
Journal of European Social Policy;09589287;D
Journal of Experimental Psychology Applied;1076898X;D
Journal of Forecasting;02776693;D
Journal of Futures Markets;02707314;D
Journal of Happiness Studies;13894978;D
Journal of Health Services Research and Policy;13558196;D
Journal of Heuristics;13811231;D
Journal of Higher Education;00221546;D
Journal of Higher Education Policy and Management;1360080X;D
Journal of Hospitality and Tourism Management;14476770;D
Journal of Hospitality Marketing & Management;19368623;D
Journal of Housing Economics;10511377;D
Journal of Industrial Economics;00221821;D
Journal of Information Science;01655515;D
Journal of Institutional Economics;17441374;D
Journal of Intellectual Capital;14691930;D
Journal of Intelligent Manufacturing;09565515;D
Journal of International Financial Markets, Institutions and Money;10424431;D
Journal of Knowledge Management;13673270;D
Journal of Language and Social Psychology;0261927X;D
Journal of Leadership and Organizational Studies;15480518;D
Journal of Legal Studies;00472530;D
Journal of Macroeconomics;01640704;D
Journal of Macromarketing;02761467;D
Journal of Management Accounting Research;10492127;D
Journal of Management Inquiry;10564926;D
Journal of Managerial Psychology;02683946;D
Journal of Manufacturing Technology Management (formerly: Integrated Manufacturing Systems);1741038X;D
Journal of Marketing Communications;13527266;D
Journal of Marketing for Higher Education;08841241;D
Journal of Marketing Management;0267257X;D
Journal of Marketing Theory and Practice;10696679;D
Journal of Mathematical Economics;03044068;D
Journal of Mathematical Psychology;00222496;D
Journal of Nonparametric Statistics;10485252;D
Journal of Nonverbal Behavior;01915886;D
Journal of Nursing Management;09660429;D
Journal of Occupational and Environmental Medicine;10762752;D
Journal of Occupational Rehabilitation;10530487;D
Journal of Optimization Theory and Applications;00223239;D
Journal of Pension Economics and Finance;14747472;D
Journal of Personnel Psychology (früher: Zeitschrift für Personalpsychologie);18665888;D
Journal of Policy Modeling;01618938;D
Journal of Positive Psychology;17439760;D
Journal of Product and Brand Management;10610421;D
Journal of Productivity Analysis;0895562X;D
Journal of Public Economic Theory;10973923;D
Journal of Real Estate Finance and Economics;08955638;D
Journal of Retailing and Consumer Services;09696989;D
Journal of Risk and Insurance;00224367;D
Journal of Rural Studies;07430167;D
Journal of Safety Research;00224375;D
Journal of Scheduling;10946136;D
Journal of Services Marketing;08876045;D
Journal of Social Policy;00472794;D
Journal of Social Psychology;00224545;D
Journal of Sport Management;8884773;D
Journal of Statistical Planning and Inference;03783758;D
Journal of the ACM JACM;00045411;D
Journal of the History of Economic Thought;10538372;D
Journal of the Operational Research Society (formerly: Operational Research Quarterly);1605682;D
Journal of Transport Economics and Policy;00225258;D
Journal of Travel and Tourism Marketing;10548408;D
Journal of Vacation Marketing;13567667;D
Journal of Personal Selling and Sales Management;08853134;D
Kyklos;00235962;D
Land Economics;00237639;D
Leadership;17427150;D
Leisure Studies;02614367;D
Logistics Research;1865035X;D
Macroeconomic Dynamics;13651005;D
Management and Organization Review;17408776;D
Management Communication Quarterly;08933189;D
Management International Review MIR;09388249;D
Management Learning;13505076;D
Journal of Service Theory and Practice (formerly: Managing Service Quality);20556225;D
Marine Policy;0308597X;D
Marine Resource Economics;07381360;D
Maritime Economics and Logistics (formerly: International Journal of Maritime Economics);14792931;D
Maritime Policy and Management;03088839;D
Marketing Letters;09230645;D
Marketing Theory;14705931;D
Mathematical Methods of Operations Research (formerly: Zeitschrift für Operations Research);14322994;D
Mathematical Social Sciences;01654896;D
Mathematics and Financial Economics;18629679;D
Meditari Accountancy Research;2049372X;D
Memetic Computing;18659284;D
Metroeconomica;00261386;D
Multinational Business Review;1525383X;D
National Tax Journal;00280283;D
Naval Research Logistics;0894069X;D
NETWORKS;00283045;D
New Technology, Work and Employment;02681072;D
Nonprofit and Voluntary Sector Quarterly;08997640;D
Nonprofit Management and Leadership;10486682;D
North American Actuarial Journal;10920277;D
Open Economies Review;09237992;D
Operations Research Letters;01676377;D
Optimal Control Applications and Methods;01432087;D
Optimization;02331934;D
Optimization Letters;18624472;D
Optimization Methods and Software;10556788;D
Oxford Economic Papers New Series;00307653;D
Oxford Review of Economic Policy;0266903X;D
Pacific-Basin Finance Journal;0927538X;D
Parliamentary Affairs;00312290;D
Personality and Individual Differences;01918869;D
Philosophy of Science;00318248;D
Physica A: Statistical Mechanics and its Applications;03784371;D
Policing: An International Journal of Police Strategies and Management;1363951X;D
POLICY AND POLITICS;03055736;D
Political Quarterly;00323179;D
Politics and Society;00323292;D
Proceedings of the Conference on Very Large Data Bases (VLDB);keineine;D
Project Management Journal;87569728;D
Psychology of Women Quarterly;03616843;D
Public Choice;00485829;D
"Public Performance &amp Management Review""""""";15309576;D
PUBLIC PERSONNEL MANAGEMENT;00910260;D
Public Policy and Administration;09520767;D
Public Relations Review;03638111;D
Quality and Reliability Engineering International;07488017;D
Quantitative Finance;14697688;D
Queueing Systems;02570130;D
R&D Management;00336807;D
"Real Estate Economics (formerly: Journal of the American Real Estate and Urban Economics Association American Real Estate and Urban Economics Association Journal)""""""";10808620;D
Regional and Federal Studies;13597566;D
Rehabilitation Psychology;00905550;D
Research in Personnel and Human Resources Management;07427301;D
Research in Transportation Economics;07398859;D
Research-Technology Management;08956308;D
Resources Policy;03014207;D
Review of African Political Economy;03056244;D
Review of Economics of the Household;15695239;D
Review of Income and Wealth;00346586;D
Review of International Economics;09657576;D
Review of Public Personnel Administration;0734371X;D
Review of World Economics (formerly: Weltwirtschaftliches Archiv);16102878;D
Revista de Saude Publica;00348910;D
Safety Science;09257535;D
Science and Public Policy;03023427;D
Scientometrics;01389130;D
SIAM Journal on Computing (Society for Industrial and Applied Mathematics);00975397;D
SIAM Journal on Financial Mathematics;1945497X;D
Simulation Modeling Practice and Theory;1569190X;D
Social Choice and Welfare;01761714;D
SOCIAL POLICY & ADMINISTRATION;01445596;D
Socio-economic Planning Sciences;00380121;D
Sociological Methodology;00811750;D
Spatial Economic Analysis;17421772;D
Sport Management Review;14413523;D
Sport, Exercise and Performance Psychology;21573905;D
Stress and Health;15323005;D
Structural Change and Economic Dynamics;0954349X;D
Studies in Nonlinear Dynamics and Econometrics;10811826;D
Sustainability Accounting, Management and Policy Journal;20408021;D
Sustainable Development;10991719;D
System Dynamics Review;08837066;D
Teaching in Higher Education;13562517;D
Telecommunications Policy;03085961;D
Tertiary Education and Management;13583883;D
British Accounting Review;08908389;D
The European Journal of Health Economics (formerly: HEPAC: Health Economics in Prevention and Care);16187598;D
Journal of the American Taxation Association;01989073;D
Theory Culture and Society;02632764;D
Third World Quarterly;01436597;D
Tijdschrift voor Economische en Sociale Geografie;0040747X;D
Top;11345764;D
Tourism Economics;13548166;D
Tourism Geographies;14616688;D
Tourism Management Perspectives;22119736;D
Transfer: European Review of Labour and Research;10242589;D
Utilities Policy;09571787;D
Venture Capital: An International Journal of Entrepreneurial Finance;13691066;D
World Bank Economic Review;02586770;D
The World Economy;03785920;D
#NV;#NV;E
#NV;#NV;E
#NV;#NV;E
#NV;#NV;E
#NV;#NV;E
#NV;#NV;E
#NV;#NV;E
#NV;#NV;E
#NV;#NV;E
#NV;#NV;E
#NV;#NV;E
#NV;#NV;E
#NV;#NV;E
#NV;#NV;E
Abacus;00013072;E
Academia-Revista Latinoamericana de Administracion;10128255;E
Accounting and Finance;08105391;E
Accounting and the Public Interest;15309320;E
Accounting Historians Journal;01484184;E
Accounting History;10323732;E
Accounting History Review (formaly: Accounting, Business and Financial History);21552851;E
Accounting in Europe;17449480;E
Accounting Perspectives;1911382X;E
Accounting Research Journal;10309616;E
ACM Transactions on Computer Human Interaction;10730516;E
ACM Transactions on Information Systems;10468188;E
ACM Transactions on Management Information Systems;2158656X;E
ACM Transactions on Modeling and Computer Simulation (TOMACS);10493301;E
Action Learning;14767333;E
Action Research;14767503;E
Advances in Accounting;08826110;E
Advances in International Accounting;08829073;E
Advances in Accounting Behavioral Research;14751488;E
Advances in Accounting Education: Teaching and Curriculum Innovations;10854622;E
Advances in Austrian Economics;15292134;E
Advances in Consumer Research;00989258;E
Advances in Developing Human Resources;15234223;E
Advances in Environmental Accounting and Management;14793598;E
Advances in Hospitality and Leisure;17453542;E
Advances in Industrial and Labor Relations;07426186;E
Advances in International Marketing;14747979;E
Advances in Management Accounting;14747871;E
Advances in Public Interest Accounting;10417060;E
Advances in Taxation;10587497;E
African Finance Journal;16059786;E
Agricultural and Resource Economics Review;10682805;E
Agricultural Finance Review;00021466;E
AMERICAN BUSINESS LAW JOURNAL;00027766;E
American Journal of Economics and Sociology;00029246;E
American Journal of Psychology;00029556;E
Amfiteatru Economic;15829146;E
Amme Idaresi Dergisi;13001795;E
Anatolia: An International Journal of Tourism and Hospitality Research;13032917;E
Annals of Economics and Finance;15297373;E
Annals of Finance;16142446;E
Annals of Public and Cooperative Economics;13704788;E
Annals of Regional Science;05701864;E
Applied Economics;00036846;E
Applied Economics Letters;13504851;E
Applied Financial Economics;09603107;E
Applied Mathematical Finance;1350486X;E
Asia Pacific Business Review (formerly: Journal of Far Eastern Business);13602381;E
Asia Pacific Journal of Human Resources;10384111;E
Asia Pacific Journal of Marketing and Logistics (formerly: Asia Pacific International Journal of Marketing);13555855;E
Asia Pacific Journal of Tourism Research;10941665;E
Asia-Pacific Financial Markets (formerly: Financial Engineering and the Japanese Market);13872834;E
Asia-Pacific Journal of Accounting and Economics;16081625;E
Asia-Pacific Journal of Financial Studies;20416156;E
Asia-Pacific Journal of Operational Research;02175959;E
Asian Business and Management;14724782;E
Asian Economic Journal;13513958;E
Asian Economic Papers;15353516;E
Asian Journal of Technology Innovation;19761597;E
Asian Review of Accounting;13217348;E
ATA Journal of Legal Tax Research;1543866X;E
Atlantic Economic Journal;01974254;E
Australasian Accounting, Business and Finance Journal;18342000;E
Australasian Jounal of Information Systems (AJIS);10397841;E
Australasian Marketing Journal;14413582;E
Australian Accounting Review;10356908;E
Australian Economic History Review;14678446;E
Australian Economic Papers;0004900X;E
Australian Economic Review;00049018;E
"Australian Journal of Agricultural and Resource Economics (formerly: Australian Journal of Agricultural Economics Review of Marketing and Agricultural Economics)""""""";1364985X;E
Australian Journal of Information Systems (AJIS);13262238;E
Australian Journal of Management;03128962;E
Australian Journal of Psychology;17429536;E
AUSTRALIAN JOURNAL OF PUBLIC ADMINISTRATION;03136647;E
B.E. Journal of Economic Analysis and Policy: Frontiers of Economic Analysis and Policy;19351682;E
B.E. Journal of Macroeconomics: Frontiers of Macroeconomics (formerly: Frontiers of Macroeconomics);19351690;E
B.E. Journal of Theoretical Economics: Frontiers of Theoretical Economics (formerly: Frontiers of Theoretical Economics);19351704;E
Baltic Journal of Management;17465265;E
Behavioral Research in Accounting;10504753;E
Benchmarking: an International Journal;14635771;E
Betriebswirtschaftliche Forschung und Praxis BFuP;03405370;E
British Food Journal;0007070X;E
British Journal of Guidance and Counselling;03069885;E
British Journal of Healthcare Management;13580574;E
BRQ-Business Research Quarterly;23409436;E
Bulletin of Economic Research (formerly: Yorkshire Bulletin of Economic and Social Research);03073378;E
Business and Society Review;00453609;E
Business History;00076791;E
Business History Review;00076805;E
Business Process Management Journal;14637154;E
Business, Peace and Sustainable Development;20518757;E
Canadian Journal of Administrative Sciences/Revue Canadienne des Sciences de L'Administration;08250383;E
Canadian Journal of Agricultural Economics;00083976;E
Canadian Journal of Behavioral Science-Revue Comedienne des Scie;0008400X;E
Canadian Psychology-Psychologie Canadienne;07085591;E
CANADIAN PUBLIC ADMINISTRATION-ADMINISTRATION PUBLIQUE DU CANADA;00084840;E
Canadian Public Policy;03170861;E
Capital and Class;03098168;E
Career Development International;13620436;E
"Central European Journal of Operations Research (formerly: Central European Journal for Operations Research and Economics Czechoslovak Journal for Operations Research)""""""";1435246X;E
CESifo Economic Studies (formerly: Ifo Studien);1610241X;E
China Finance Review International;20441398;E
Chinese Management Studies;1750614X;E
Clothing and Textiles Research Journal;0887302X;E
Communications of the Association for Information Systems (CAIS);15293181;E
Community, Work and Family;13668803;E
Comparative Economic Studies (formerly: ACES Bulletin);08887233;E
Comptabilité, Contrôle et Audit;12622788;E
Computational Economics (formerly: Computer Science in Economics and Management);09277099;E
Computational Management Science;1619697X;E
Computer Journal;00104620;E
Computer Networks;13891286;E
Computer Supported Cooperative Work;09259724;E
Constitutional Political Economy;10434062;E
Corporate Communications: An International Journal;13563289;E
Corporate Governance: The International Journal of Business in Society;14720701;E
Corporate Ownership and Control;17279232;E
Corporate Reputation Review;13633589;E
Creativity Research Journal;10400419;E
Critical Perspectives on International Business;17422043;E
Cross Cultural & Strategic Management;20595794;E
Cross-Cultural Research;10693971;E
Culture and Organization (formerly: Studies in Cultures, Organizations and Societies);14759551;E
Current Issues in Auditing;19361270;E
Current Psychology;10461310;E
Custos e Agronegocio On Line;18082882;E
Cybernetics and Systems: An International Journal;01969722;E
Das Gesundheitswesen;09413790;E
Data and Knowledge Engineering;0169023X;E
Proceedings of the International Conference on Database and Expert Systems Applications (DEXA);15294188 ;E
Decision Analysis;15458490;E
Decision Sciences Journal of Innovative Education;15404609;E
Decisions in Economics and Finance;15938883;E
Defence and Peace Economics (formerly: Defence Economics);10242694;E
Disaster Prevention and Management;09653562;E
Discrete Optimization;15725286;E
Dynamic Games and Applications;21530785;E
Ekonomie a Management;12123609;E
Eastern Economic Journal;00945056;E
Eastern European Economics;00128775;E
Economic And Business Bulletin;01486195;E
Economic and Labour Relations Review;10353046;E
Economic and Social Review;00129984;E
"Economic Change and Restructuring (formerly: Economics of Planning MOCT-MOST: Economic Policy in Transitional Economies)""""""";15739414;E
Economic Notes;03915026;E
Economic Record;00130249;E
Economic Systems (formerly: Jahrbuch der Wirtschaft Osteuropas);09393625;E
Economics and Philosophy;02662671;E
Economics of Governance;14356104;E
Economics of Innovation and New Technology;10438599;E
Economics of Transition;09670750;E
De Economist;0013063X;E
Education and Training;00400912;E
eJournal of Tax Research;14482398;E
Electronic Commerce Research;13895753;E
Emergence: Journal in Complexity Management;15213250;E
"Emerging Markets Finance and Trade (formerly: Russian and East European Finance and Trade Soviet and Eastern European Foreign Trade)""""""";1540496X;E
Empirica, Journal of European Economics (formerly: Empirica);3408744;E
Empirical Economics;03777332;E
Employee Relations;01425455;E
The Engineering Economist;0013791X;E
Engineering Management Journal;10429247;E
Engineering Optimization;0305215X;E
Enterprise and Society;14672227;E
Entrepreneurship Research Journal;21946175;E
Entreprises et Histoire;11612770;E
Environment and Development Economics;1355770X;E
Environmental Economics and Policy Studies;1432847X;E
Equality, Diversity and Inclusion: an International Journal;02610159;E
Ethics and Information Technology;15728439;E
Europe-Asia Studies (formerly: Soviet Studies);09668136;E
European Business Organization Law Review;15667529;E
European Business Review;0955534X;E
European Journal of Finance;1351847X;E
European Journal of Industrial Engineering;17515254;E
European Journal of Innovation Management;14601060;E
European Journal of International Management;17516757;E
European Journal of Law and Economics;09291261;E
European Journal of Training and Development;20469012;E
European Review of Applied Psychology-Revue Europeenne de Psychologie Appliquee;11629088;E
Event Management;15259951;E
Evidence and Policy;17442648;E
Evidence-based HRM: a Global Forum for Empirical Scholarship;20493983;E
Expert Systems: the Journal of Knowledge Engineering;02664720;E
Facilities;02632772;E
Federal Reserve Bank of St. Louis Review;00149187;E
Finance a Úver/Czech Journal of Economics and Finance (formerly: Finance a Úver);00151920;E
Finance Research Letters;15446123;E
Financial Accountability and Management;02674424;E
Financial History Review;09685650;E
Financial Markets and Portfolio Management (formerly: Finanzmarkt und Portfolio Management);15554961;E
Financial Markets, Institutions and Instruments;09638008;E
FinanzArchiv;00152218;E
Fiscal Studies;01435671;E
Foresight;14636689;E
Forum for Health Economics and Policy;21946191;E
Forum for Social Economics;07360932;E
Foundations and Trends in Technology, Information and Operations Management;15719545;E
GAIA - Ökologische Perspektiven in Natur-, Geistes- und Wirtschaftswissenschaften;09405550;E
Games;20734336;E
Gedrag and Organisatie;09215077;E
Geneva Papers on Risk and Insurance: Issues and Practice;10185895;E
Geneva Risk and Insurance Review (formerly: Geneva Papers on Risk and Insurance Theory);1554964X;E
Gestion y Politica Publica;14051079;E
"Gesundheitsökonomie &amp Qualitätsmanagement""""""";14322625;E
Global Business and Economics Review;10974954;E
Global Economy Journal (formerly: Global Economy Quarterly);15245861;E
Global Finance Journal;10440283;E
Group Decision and Negotiation;09262644;E
Growth and Change;00174815;E
Harvard Business Review;00178012;E
Health Marketing Quarterly;07359683;E
Health Services Management Research;09514848;E
Hospitality and Society;20427913;E
Human Factors and Ergonomics in Manufacturing and Services Industries;10908471;E
Human Organization;00187259;E
Human Resource Development International;13678868;E
Human Resource Development Review;15344843;E
Human Service Organizations Management Leadership & Governance;23303131;E
Human-Computer Interaction;07370024;E
IEEE Computer;00189162;E
IEEE Internet Computing;10897801;E
IEEE Pervasive Computing;15361268;E
IEEE Software;07407459;E
IEEE Systems Journal;19328184;E
IEEE Transactions on Components, Packaging, and Manufacturing Technology (früher: IEEE Transactions on Product Engineering and Production);21563950;E
IEEE Transactions on Software Engineering;00985589;E
IMA Journal of Management Mathematics;1471678X;E
Industrial Law Journal;03059332;E
Industrielle Beziehungen: Zeitschrift für Arbeit, Organisation und Management (formerly: The German Journal of Industrial Relations);09432779;E
Industry and Higher Education;09504222;E
INFOR;03155986;E
Informatik-Spektrum;01706012;E
Information and Computer Security;20564961;E
Information Economics and Policy;01676245;E
Information Research;13681613;E
Information Resources Management Journal;10401628;E
Information Systems and e-Business Management;16179846;E
Information Systems Management;10580530;E
Information Technology and Management;1385951X;E
 Information Technology for Development;02681102;E
Innovation: Management, Policy and Practice;14479338;E
Innovations in Education and Teaching International;14703297;E
Intelligent Systems in Accounting, Finance & Management (formerly: International Journal of Intelligent Systems in Accounting;1055615X;E
Interacting with Computers;09535438;E
Intereconomics/Review of European Economic Policy;00205346;E
Interfaces;00922102;E
International Advances in Economic Research;10830898;E
International Economic Journal;10168737;E
International Game Theory Review;02191989;E
International Insolvency Review;11800518;E
International Journal for Educational and Vocational Change;02512513;E
International Journal of Accounting (formerly: International journal of accounting education and research);10944060;E
International Journal of Accounting & Information Management;18347649;E
International Journal of Accounting Information Systems;14670895;E
International Journal of Accounting, Auditing and Performance Evaluation;17408008;E
International Journal of Arts Management;14808986;E
International Journal of Auditing;10906738;E
International Journal of Automotive Technology and Management;14709511;E
International Journal of Aviation Psychology;10508414;E
International Journal Of Banking, Accounting And Finance;17553849;E
International Journal of Business Governance and Ethics;14779048;E
International Journal of Business Intelligence and Data Mining;17438187;E
International Journal of Business Performance Management IJBPM;13684892;E
International Journal of Business Research;15551296;E
International Journal of Business Science and Applied Management;17530296;E
International Journal of Cross Cultural Management;14705958;E
International Journal of Culture, Tourism and Hospitality Research;17506182;E
International Journal of Disclosure and Governance (IJDG);17413591;E
International Journal of Ecological Economics and Statistics;09731385;E
International Journal of Economic Theory;17427355;E
International Journal of Economics and Business Research;17569850;E
International Journal of Educational Management;0951354X;E
International Journal of Electronic Business;14706067;E
International Journal of Energy Sector Management;17506220;E
International Journal of Engineering Business Management;18479790;E
International Journal of Enterprise Network Management;17481260;E
International Journal of Entrepreneurial Behaviour and Research;13552554;E
International Journal of Entrepreneurial Venturing;17425360;E
International Journal of Entrepreneurship and Innovation;14657503;E
International Journal of Entrepreneurship and Innovation Management;1368275X;E
International Journal of Entrepreneurship and Small Business;14761297;E
International Journal of Event and Festival Management;17582954;E
International Journal of Finance and Economics;10769307;E
International Journal of Foresight and Innovation Policy (IJFIP);17402824;E
International Journal of Game Theory;00207276;E
International Journal of Globalisation and Small Business;14793059;E
International Journal of Green Energy;15435075;E
International Journal of Health Care Quality Assurance;09526862;E
International Journal of Health Planning and Management;07496753;E
International Journal of Healthcare Management (früher: Journal of Management & Marketing in Healthcare);20479700;E
International Journal of Healthcare Technology and Management;17415144;E
International Journal of Heritage Studies;13527258;E
International Journal of Hospitality and Tourism Administration;15256480;E
International Journal of Human Resources: Development and Management;14656612;E
International Journal of Human-Computer Studies;10715819;E
International Journal of Industrial and Systems Engineering;17485045;E
International Journal of Industrial Engineering and Management;22172661;E
International Journal of Information System Modeling and Design (IJISMD);19478186;E
International Journal of Information Technologies and Systems Approach (IJITSA);1935570X;E
International Journal of Information Technology and Decision Making;02196220;E
International Journal of Information Technology Management;17415179;E
International Journal of Innovation and Sustainable Development;17408822;E
International Journal of Innovation and Technology Management;02198770;E
International Journal of Innovation Management;13639196;E
International Journal of Integrated Supply Management;14775360;E
International Journal of Internet Manufacturing and Services;17516056;E
International Journal of Internet Marketing and Advertising;14775212;E
International Journal of Islamic And Middle Eastern Finance and Management;17538394;E
International Journal of Knowledge Management;15480666;E
International Journal of Knowledge Management Studies;17438268;E
International Journal of Knowledge, Culture and Change Management;14479524;E
International Journal of Learning and Change;17402875;E
International Journal of Management and Decision Making;14624621;E
International Journal of Management and Enterprise Development;14684330;E
International Journal of Management Education;14728117;E
International Journal of Management Practice;14779064;E
International Journal of Managerial and Financial Accounting;17536715;E
International Journal of Managerial Finance;17439132;E
International Journal of Managing Projects in Business;17538378;E
International Journal of Manpower;01437720;E
International Journal Of Market Research (formerly: Journal Of The Market Research Society);14707853;E
International Journal of Microsimulation;17475864;E
International Journal of Networking and Virtual Organisations;14709503;E
International Journal of Nonprofit and Voluntary Sector Marketing;1479103X;E
International Journal of Occupational and Environmental Health;10773525;E
International Journal of Occupational Safety and Ergonomics;10803548;E
International Journal of Operational Research;17457645;E
International Journal of Operations and Quantitative Management;10821910;E
International Journal of Product Development;14779056;E
International Journal of Product Lifecycle Management;17435110;E
International Journal of Productivity and Performance Management (IJPPM);17410401;E
International Journal of Project Organization and Management Science;17402891;E
International Journal of Public Administration;01900692;E
International Journal of Public Sector Management;09513558;E
International Journal of Public Sector Performance Management;17411041;E
"International Journal of Quality &amp Reliability Management""""""";0265671X;E
International Journal of Quality and Service Sciences;1756669X;E
International Journal of Rehabilitation Research;03425282;E
International Journal of Revenue Management;14747332;E
International Journal of Services and Operations Management;17442389;E
International Journal of Services Operations and Informatics;1741539X;E
International Journal of Services Technology and Management;14606720;E
International Journal of Shipping and Transport Logistics;17566517;E
International Journal of Social Economics;03068293;E
The International Journal of Sociology and Social Policy;0144333X;E
International Journal of Sport Finance;15586235;E
International Journal of Sport Management and Marketing;14758962;E
"International Journal of Sports Marketing &amp Sponsorship""""""";14646668;E
International Journal of Strategic Property Management;1648715X;E
International Journal of Technology and Globalisation;14765667;E
International Journal of Technology Intelligence and Planning (IJTIP);17402840;E
International Journal of Technology Management;02675730;E
International Journal of Technology Management and Sustainable Development;14742748;E
International Journal of Technology, Policy and Management;17415292;E
International Journal of the Economics of Business (formerly: Journal of the Economics of Business);13571516;E
International Journal of Theoretical and Applied Finance;02190249;E
International Journal of Training and Development;14682419;E
International Journal of Value Chain Management;17415365;E
INTERNATIONAL LABOR AND WORKING-CLASS HISTORY;01475479;E
International Labour Review;00207780;E
International Negotiation;1382340X;E
International Review of Applied Economics;02692171;E
International Review of Finance;1369412X;E
International Review of Law and Economics;01448188;E
International Review of Retail, Distribution and Consumer Research (IRRDCR);09593969;E
International Review on Public and Nonprofit Marketing;18651984;E
International Sociology;02685809;E
International Studies of Management and Organization;00208825;E
Investment Analysts Journal;10293523;E
Investment Management and Financial Innovations;18104967;E
Irish Economic and Social History;03324893;E
IZA Journal of European Labor Studies;21939012;E
IZA Journal of Labor and Development;21939020;E
IZA Journal of Labor Policy;21939004;E
IZA Journal of Migration;21939039;E
Jahrbücher für Nationalökonomie und Statistik/Journal of Economics and Statistics;00214027;E
Japan and the World Economy;09221425;E
Japanese Economic Review (formerly: Economic Studies Quarterly);13524739;E
Japanese Psychological Research;00215368;E
Journal of Financial Economic Policy;17576385;E
Journal for East European Management Studies;09496181;E
Zeitschrift für ArbeitsmarktForschung/Journal for Labour Market Research (formerly: Mitteilungen aus der Arbeitsmarkt- und Berufsforschung);16143485;E
Journal of Accounting and Organizational Change;18325912;E
Journal of Accounting, Auditing and Finance;0148558X;E
Journal of African Economies;09638024;E
Journal of Agricultural and Applied Economics (formerly: Southern Journal of Agricultural Economics);10740708;E
Journal of Agricultural and Food Industrial Organization;15420485;E
Journal of Alternative Investments;15203255;E
Journal of Applied Accounting Research;09675426;E
Journal of Applied Business Research;08927626;E
Journal of Applied Economics;15140326;E
Journal of Applied Statistics;02664763;E
The Journal of Arts Management, Law, and Society;10632921;E
Journal of Asian Economics;10490078;E
Journal of Asset Management;14708272;E
Journal of Banking Regulation;17456452;E
"Journal of Behavioral and Experimental Economics (formaly: Journal of Socio-Economics Journal of Behavioral Economics)""""""";22148043;E
Journal of Behavioral and Experimental Finance;22146350;E
Journal of Behavioral Finance (formerly: Journal of Psychology and Financial Markets);15427560;E
Journal of Bioeconomics;13876996;E
Journal of Business Economics (formerly: Zeitschrift für Betriebswirtschaft ZfB);00442372;E
Journal of Business Economics and Management;16111699;E
Journal of Business Strategy;02756668;E
Journal of Business Valuation and Economic Loss Analysis;19329156;E
Journal of Business-to-Business Marketing;1051712X;E
Journal of Change Management;14697017;E
Journal of China Tourism Research;19388160;E
Journal of Chinese Economic and Business Studies;14765284;E
Journal of Civil Society;17448689;E
Journal of Combinatorial Optimization;13826905;E
Journal of Community Psychology;00904392;E
Journal of Comparative Policy Analysis;13876988;E
Journal of Computational Finance;14601559;E
Journal Of Constructivist Psychology;10720537;E
Journal of Consumer Policy;01687034;E
Journal of Contemporary Accounting and Economics;18155669;E
Journal of Contingencies and Crisis Management;09660879;E
Journal of Convention and Event Tourism;15470148;E
Journal of Credit Risk;17446619;E
Journal of Cultural Economics;08852545;E
ACM Journal of Data and Information Quality (ACM JDIQ);19361955;E
Journal of Decision Systems;12460125;E
Journal of Derivatives;10741240;E
Journal of Derivatives and Hedge Funds (formerly: Derivatives Use, Trading & Regulation);17539641;E
Journal of Developmental Entrepreneurship;10849467;E
Journal of East&West Business;10669868;E
Journal of Economic Education;00220485;E
Journal of Economic Integration;1225651X;E
Journal of Economic Interaction and Coordination;1860711X;E
Journal of Economic Issues;00213624;E
Journal of Economics (Zeitschrift für Nationalökonomie) (formerly: Zeitschrift für Nationalökonomie);09318658;E
Journal of Economics and Finance;10550925;E
Journal of Ecotourism;14724049;E
Journal of Electronic Commerce in Organizations;15392937;E
Journal of Emerging Market Finance;09726527;E
Journal of Emerging Technologies in Accounting;15541908;E
Journal of Employment Counseling;00220787;E
Journal of Entrepreneurship;09713557;E
Journal of Entrepreneurship Education;10988394;E
Journal of Evolutionary Economics;09369937;E
Journal of Family and Economic Issues;10580476;E
Journal of Fashion Marketing and Management;13612026;E
Journal of Financial Regulation and Compliance;13581988;E
Journal of Financial Research;02702592;E
Journal of Financial Services Marketing;13630539;E
Journal of Fixed Income;10598596;E
Journal of Foodservice Business Research;15378020;E
Journal of Forest Economics;11046899;E
Journal of Further and Higher Education;0309877X;E
Journal of General Management;03063070;E
Journal of Global Information Management;10627375;E
Journal of Global Information Technology Management;1097198X;E
Journal of Global Marketing;08911762;E
Journal of Globalization and Development;19481837;E
Journal of Health Organization and Management;14777266;E
Journal of Healthcare Management;10969012;E
Journal of High Technology Management Research;10478310;E
Journal of Homeland Security and Emergency Management;21946361;E
Journal of Hospitality and Tourism Education;10963758;E
Journal of Hospitality, Leisure, Sport and Tourism Education;14738376;E
Journal of Human Resources in Hospitality and Tourism;15332845;E
Economia e Politica Industriale;03912078;E
Journal of Industrial and Management Optimization;15475816;E
Journal of Industrial Relations;00221856;E
Journal of Industry, Competition and Trade;15661679;E
Journal of Information Systems;08887985;E
Journal of Information Systems Education;10553096;E
Journal of Information Technology - Teaching Cases;20438869;E
Journal of Institutional and Theoretical Economics (formerly: Zeitschrift für die gesamte Staatswissenschaft);09324569;E
Journal of Interdisciplinary Economics;02601079;E
Journal of International Accounting Auditing and Taxation;10619518;E
Journal of International Accounting Research;15426297;E
Journal of International Business and Economics;15448037;E
Journal of International Development;09541748;E
Journal of International Entrepreneurship;15707385;E
Journal of International Financial Management and Accounting;9541314;E
Journal of International Trade and Economic Development;09638199;E
Journal of Islamic Accounting and Business Research;17590817;E
Journal of Labor Research;01953613;E
Journal of Latin American Studies;0022216X;E
Journal of Law and Society;0263323X;E
Journal of Management and Governance;13853457;E
Journal of Management & Organization;18333672;E
Journal of Management Control (formerly: Zeitschrift für Planung, Zeitschrift für Planung und Unternehmenssteuerung);21914761;E
Journal of Management Development;02621711;E
Journal of Management Education;10525629;E
Journal of Management History;17511348;E
Journal of Management, Spirituality & Religion;14766086;E
Journal of Managerial Issues;10453695;E
Journal of Marketing Analytics (früher: Journal of Targeting, Measurement and Analysis for Marketing);20503318;E
Journal of Marketing Channels;1046669x;E
Journal of Marketing Education;02734753;E
Journal of Media Economics;08997764;E
Journal of Modelling in Management;17465664;E
Journal of Multi-Criteria Decision Analysis;10991360;E
Journal of Multinational Financial Management;1042444X;E
Journal of Neuroscience, Psychology, and Economics;1937321X;E
"Journal of Nonprofit &amp Public Sector Marketing""""""";10495142;E
Journal of Operational Risk;17446740;E
Journal of Organizational and End User Computing (JOEUC);15462234;E
JOURNAL OF ORGANIZATIONAL BEHAVIOR MANAGEMENT;01608061;E
Journal of Organizational Change Management;09534814;E
Journal of Organizational Computing and Electronic Commerce;10919392;E
Journal of Pacific Rim Psychology;18344909;E
Journal of Leisure Research;19407963;E
Journal of Portfolio Management;00954918;E
Journal of Post Keynesian Economics;01603477;E
Journal of Promotion Management;10496491;E
Journal of Property Investment and Finance;1463578X;E
Journal of Psychology;00223980;E
"Journal of Public Budgeting, Accounting &amp Financial Management""""""";10963367;E
Journal of Public Policy;0143814X;E
Journal of Quality Assurance in Hospitality and Tourism;1528008X;E
Journal of Quality in Maintenance Engineering;13552511;E
Journal of Real Estate Literature;09277544;E
Journal of Real Estate Portfolio Management;10835547;E
Journal of Real Estate Research;08965803;E
Journal of Regulatory Economics;0922680X;E
Journal of Rehabilitation;00224154;E
Journal of Rehabilitation Research and Development;07487711;E
Journal of Relationship Marketing;15332667;E
Journal of Research in Marketing and Entrepreneurship;14715201;E
Journal of Revenue and Pricing Management;14766930;E
Journal of Risk;14651211;E
Journal of Risk Finance;15265943;E
Journal of Risk Model Validation;17539579;E
Journal of Risk Research;13669877;E
Journal of Simulation;17477778;E
Journal of Small Business and Enterprise Development (JSBED);14626004;E
Journal of Small Business Strategy;10818510;E
Journal of Social Marketing;20426763;E
Journal of Sport and Tourism;14775085;E
Journal of Sports Economics;15270025;E
Journal of Strategic Marketing;0965254X;E
Journal of Systems and Software;01641212;E
Journal of Systems Engineering and Electronics;10044132;E
Journal of Systems Science and Systems Engineering;10043756;E
Journal of Taxation;00224863;E
Journal of Textile Institute;00405000;E
Journal of the Asia Pacific Economy;13547860;E
Journal of the Japanese and International Economies;08891583;E
Journal of Theoretical and Applied Electronic Commerce Research;07181876;E
Journal of Time Series Econometrics;19411928;E
Journal of Transnational Management (formerly: Journal of Transnational Management Development);15475778;E
Journal of Transport History;00225266;E
Journal of Trust Research;21515581;E
Journal of Vocational Education and Training;13636820;E
Journal of Web Engineering;15409589;E
Journal of Workplace Learning;13665626;E
Journal of World Energy Law & Business;17549957;E
Journal of World Trade (formerly: Journal of World Trade Law);10116702;E
Knowledge and Process Management;10924604;E
Knowledge Management Research and Practice;14778238;E
Kybernetes;0368492X;E
Labor History;0023656X;E
Labor Studies Journal;0160449X;E
Labour History;00236942;E
Labour: Review of Labour Economics and Industrial Relations;11217081;E
Leadership and Organization Development Journal;01437739;E
Learning Organization;09696474;E
Lecture Notes in Business Information Processing;18651348;E
Lecture Notes in Computer Science;03029743;E
Lecture Notes in Informatics (LNI) (der Gesellschaft für Informatik);16175468;E
Leisure Sciences;01490400;E
Lex Localis-Journal of Local Self-Government;15815374;E
Local Economy;02690942;E
LOCAL GOVERNMENT STUDIES;03003930;E
Management and Organizational History;17449359;E
Management Decision;00251747;E
Management of Environmental Quality: An International Journal;14777835;E
Management Research Review;20408269;E
Management Review Quarterly (formerly: Journal für Betriebswirtschaft, Der Österreichische Betriebswirt);21981620;E
management revue - Socio-Economic Studies (The international Review of Management Studies);09359915;E
Managerial and Decision Economics;01436570;E
Managerial Auditing Journal;02686902;E
Managerial Finance;03074358;E
Managing Sport and Leisure (formerly: Managing Leisure);13606719;E
Manchester School (formerly: Manchester School of Economic and Social Studies);14636786;E
Marketing Health Services (früher: Journal of Health Care Marketing);10941304;E
Marketing Intelligence and Planning;02634503;E
Measuring Business Excellence Journal;13683047;E
Military Psychology;08995605;E
Mineral Economics;21912203;E
Monthly Labor Review;00981818;E
National Institute Economic Review;00279501;E
Natural Resources Journal;00280739;E
Negotiation and Conflict Management Research;17504708;E
Negotiation Journal;07484526;E
Netnomics;13859587;E
New Zealand Economic Papers;00779954;E
Nordic Psychology;19012276;E
North American Journal of Economics and Finance;10629408;E
Occupational Medicine;09627480;E
Operational Research;11092858;E
Operations Management Research;19369735;E
Opsearch: Journal of the OR Society of India;00303887;E
Optimization and Engineering;13894420;E
Organizational Dynamics;00902616;E
Oxford Development Studies;13600818;E
Pacific Economic Review;1361374X;E
Peace Economics, Peace Science and Public Policy;10792457;E
Personnel Review;00483486;E
Perspektiven der Wirtschaftspolitik;14656493;E
Pesquisa Operacional;01017438;E
Policy and Society;14494035;E
Policy Studies;01442872;E
Portuguese Economic Journal;1617982X;E
Post-Communist Economies (formerly: Communist Economies and Economic Transformation);14631377;E
Probability in the Engineering and Informational Sciences;02699648;E
Problems and Perspectives in Management;17277051;E
Proceedings of Institute of Mechanical Engineers Part B: Journal of Engineering Manufacture;09544054;E
Proceedings of the Annual Hawaii International Conference on System Sciences;15301605 ;E
Proceedings of the Institution of Mechanical Engineers Part O-Journal of Risk and Reliability;1748006X;E
Prometheus;08109028;E
Psicothema;02149915;E
Psihologija;00485705;E
Psychological Reports;00332941;E
Psychologie du Travail et des Organisations;14202530;E
Psychologist;09528229;E
Public Administration and Development;02712075;E
Public Finance Review (Public Finance Quarterly);10911421;E
Public Money and Management;09540962;E
Qualitative Market Research: An International Journal;13522752;E
Qualitative Research in Accounting and Management;11766093;E
Qualitative Research in Financial Markets;17554179;E
Qualitative Research in Organizations and Management;17465648;E
Quality Assurance in Education;09684883;E
Quality Progress;0033524X;E
Quality Technology and Quantitative Management;16843703;E
Quarterly Journal of Austrian Economics;10983708;E
Quarterly Journal of International Agriculture;00498599;E
Quarterly Review of Economics and Finance (formerly: Quarterly Review of Economics and Business);10629769;E
Revista de Administraçao d'Emprêsas;00347590;E
RAIRO - Operations Research;03990559;E
Rationality and Society;10434631;E
RBGN-Revista Brasileira de Gestao de Negocios;18064892;E
Rehabilitation Counseling Bulletin;00343552;E
Requirements Engineering Journal;09473602;E
Research in Accounting Regulation;10520457;E
Research in Economics (formerly: Ricerche Economiche);10909443;E
Research in International Business and Finance;02755319;E
Research in Occupational Stress and Well-Being;14793555;E
Research in the Sociology of Organizations;0733558X;E
Research on Professional Responsibility and Ethics in Accounting;15740765;E
Review of Accounting and Finance;14757702;E
Review of Austrian Economics;08893047;E
Review of Derivatives Research;13806645;E
Review of Development Economics;13636669;E
Review of Development Finance;18799337;E
Review of Economic Design (formerly: Economic Design);14344742;E
Review of Financial Economics;10583300;E
Review of Industrial Organization;0889938X;E
Review of Law and Economics;15555879;E
Review of Managerial Science;18636683;E
Review of Marketing Research;15486435;E
Review of Marketing Science;15465616;E
Review of Network Economics;14469022;E
Review of Policy Research;1541132X;E
Review of Political Economy;09538259;E
Review of Quantitative Finance and Accounting;0924865X;E
Review of Radical Political Economics;04866134;E
Review of Social Economy;00346764;E
Revista de Contabilidad – Spanish Accounting Review;11384891;E
Revista de Historia Industrial;11327200;E
Revista del CLAD Reforma y Democracia;13152378;E
Risk Analysis: An International Journal;14603799;E
Scandinavian Economic History Review;03585522;E
Scandinavian Journal of Hospitality and Tourism;15022250;E
Scandinavian Journal of IS;09050167;E
Scandinavian Journal of Management;9565221;E
Scandinavian Journal of Psychology;00365564;E
Science and Society;00368237;E
Science & Technology Studies;22434690;E
Science Technology and Society;09717218;E
Scottish Journal of Political Economy;00369292;E
SERIEs (formlery: Investigaciones Economicas);18694187;E
Service Business;18628516;E
Service Industries Journal;02642069;E
Service Science;21643970;E
Services Marketing Quarterly;15332969;E
Small Group Research;10464964;E
Social and Environmental Accountability Journal;0969160X;E
Social Justice Research;08857466;E
Social Marketing Quarterly;15245004;E
Social Responsibility Journal;17471117;E
Social Work in Public Health;19371918;E
Sociologie du Travail;00380296;E
SORT (Statistics and Operations Research Transactions);16962281;E
SOUTH AFRICAN JOURNAL OF BUSINESS MANAGEMENT;20785585;E
South African Journal of Economic and Management Sciences, N.S. (formerly: Suid-Afrikaanse Tydskrif vir Ekonomiese en Bestuurswetenskappe/South African Journal of Economic and Management Sciences, N.S.);10158812;E
South African Journal of Economics;00382280;E
South African Journal of Psychology;00812463;E
South Asia Economic Journal;13915614;E
Southern Economic Journal;00384038;E
Spanish Journal of Finance and Accounting-Revista Espanola de Financiacion y Contabilida;02102412;E
Spanish Journal of Psychology;11387416;E
Sports, Business, Management: An International Journal;2042678X;E
Statistics and Probability Letters;01677152;E
Strategic Change;10861718;E
"Strategy &amp Leadership""""""";10878572;E
Studies in Economics and Finance;10867376;E
Studies in Informatics and Control;12201766;E
Supply Chain Forum: An International Journal;16258312;E
Sustainability;20711050;E
Swiss Journal of Psychology;14210185;E
Systemic Practice and Action Research;1094429X;E
Systems Engineering;10981241;E
Systems Research and Behavioral Science;10927026;E
Team Performance Management;13527592;E
Technology Analysis and Strategic Management;09537325;E
Testing, Psychometrics, Methodology in Applied Psychology;19726325;E
The EDP Audit, Control, and Security Newsletter;07366981;E
Indian Journal of Labour Economics;00195308;E
International Journal of Emerging Markets;17468809;E
International Trade Journal;08853908;E
Journal of Private Equity;10965572;E
The TQM Journal;17542731;E
Theory and Decision;00405833;E
Thunderbird International Business Review;10964762;E
Time and Society;0961463X;E
Total Quality Management & Business Excellence (formerly: Total Quality Management);14783363;E
Tourism Analysis;10835423;E
Tourism Culture Communications;1098304x;E
Tourism Planning and Development;21568316;E
Tourism Review;16605373;E
Tourism: An International, Interdisciplinary Journal;13327461;E
Tourist Studies;14687976;E
Town Planning Review;00410020;E
Transformations in Business and Economics;16484460;E
Transnational Corporations;10149562;E
Transportation Journal;00411612;E
Transylvanian Review of Administrative Sciences;18422845;E
Visitor Studies;10645578;E
Voluntary Sector Review;20408056;E
Voluntas. International Journal of Voluntary and Nonprofit Organizations;09578765;E
Work - A Journal of Prevention Assessment and Rehabilitation;10519815;E
World Review of Entrepreneurship, Management and Sustainable Development;17460573;E
World Wide Web - Internet and Web Information Systems;1386145X;E
Zbornik Radova Ekonomskog Fakulteta u Rijeci: Casopis za Ekonomsku Teoriju i Praksu/Proceedings of Rijeka School of Economics: Journal of Economics and Business (formerly: Zbornik Radova Ekonomskog Fakulteta);13318004;E
Zeitschrift für Psychologie;21908370;E
"Zeitschrift für Arbeits- und Organisationspsychologie A &amp O (formerly: Psychologie und Praxis. Zeitschrift für Arbeits- und Organisationspsychologie)""""""";09324089;E
Zeitschrift für die gesamte Versicherungswissenschaft;442585;E
Zeitschrift für Personalforschung (ZfP);23970022;E
Zeitschrift für wirtschaftlichen Fabrikbetrieb;09470085;E
#NV;#NV;F
#NV;#NV;F
#NV;#NV;F
#NV;#NV;F
#NV;#NV;F
#NV;#NV;F
#NV;#NV;F
#NV;#NV;F
#NV;#NV;F
#NV;#NV;F
#NV;#NV;F
#NV;#NV;F
#NV;#NV;F
#NV;#NV;F
#NV;#NV;F
#NV;#NV;F
#NV;#NV;F
#NV;#NV;F
#NV;#NV;F
#NV;#NV;F
#NV;#NV;F
#NV;#NV;F
#NV;#NV;F
#NV;#NV;F
#NV;#NV;F
#NV;#NV;F
#NV;#NV;F
#NV;#NV;F
#NV;#NV;F
#NV;#NV;F
#NV;#NV;F
#NV;#NV;F
#NV;#NV;F
#NV;#NV;F
#NV;#NV;F
#NV;#NV;F
#NV;#NV;F
#NV;#NV;F
#NV;#NV;F
#NV;#NV;F
#NV;#NV;F
#NV;#NV;F
#NV;#NV;F
#NV;#NV;F
#NV;#NV;F
Academy of Marketing Science Review;15261794;F
Accountancy;00014664;F
Accounting, Economics, And Law: A Convivium;21946051;F
ACM Computing Reviews;00104884;F
ACM SIGMIS Database;00950033;F
Proceedings of the Conference on Advanced Information Systems Engineering (CAISE);0;F
Advances in Applied Business Strategy;07496826;F
AIS Transaction on Enterprise Systems;18677134;F
AIS Transactions on Human-Computer Interaction;19443900;F
AMS Review;1869814X;F
"Annals of Economics and Statistics/ Annales d'Economie et de Statistique (formerly: Annales de Sciences Economiques Appliqués Annales de l'INSEE)""""""";21154430;F
Annual Review of Information Science and Technology;00664200;F
Annual Review of Organizational Psychology and Organizational Behavior;23270608;F
Applied Financial Economics Letters;17446546;F
Arbeit;09415025;F
Asian Journal of Marketing;18191924;F
Australian Bulletin of Labour;03116336;F
Australian Journal of Labour Economics;13281143;F
Australian Tax Forum;0812695X;F
Bancaria;00054623;F
Bank Accounting & Finance (eingestellt 2010);08943958;F
BankArchiv: Zeitschrift für das gesamte Bank- und Börsenwesen (formerly: Österreichisches BankArchiv);10151516;F
Bankhistorisches Archiv;03416208;F
BIT - Banking and Information Technology;00063835;F
BKR - Zeitschrift für Bank- und Kapitalmarktrecht;16177223;F
British Actuarial Journal;13573217;F
British Tax Review;00071870;F
Bulletin for International Taxation;00074624;F
Business + Innovation;18688241;F
Business and Professional Ethics;02772027;F
Proceedings of the International Conference on Business Process Management (BPM);0;F
BuR - Business Research;18668658;F
Business Strategy Review;09556419;F
Canadian Tax Journal;00085111;F
Civil Szemle;17863341;F
Communications of the ICISA;15332454;F
Controlling & Management Review(formerly:Zeitschrift für Controlling und Management ZfCM, Kostenrechnungspraxis KRP);21958262;F
Controlling, Zeitschrift für erfolgsorientierte Unternehmenssteuerung;09350381;F
Corporate Finance (formerly: Corporate Finance biz);14378981;F
Journal of Cost Management;10928057;F
Credit and Capital Markets  (formerly: Kredit und Kapital);21991227;F
Critical Finance Review;21645760;F
Cross Cultural Management: an International Journal;13527606;F
Customer Needs and Solutions;2196291X;F
Das Hochschulwesen;00182974;F
Datenschutz und Datensicherheit;07244371;F
Der Betrieb;00059935;F
Der Betriebswirt;01726196;F
Der Konzern;16112296;F
der markt & Journal für Marketing;00253863;F
der moderne staat - Zeitschrift für Public Policy, Recht und Management;18657192;F
Deutsche SteuerZeitung;07245637;F
Deutsches Steuerrecht;09497676;F
Die Aktiengesellschaft;00023752;F
Die Betriebswirtschaft (DBW) / Business Administration Review (BARev);3427064;F
Die Unternehmensbesteuerung;18657222;F
Die Unternehmung - Swiss Journal of Business Research and Practice;0042059X;F
Die Verwaltung;00424498;F
Die Wirtschaftsprüfung;03409031;F
Die öffentliche Verwaltung;0029859X;F
Proceedings of the International Conference on Electronic Commerce and Web Technologies (EC-Web);verschiedene ISBN;F
e-Service Journal;15288226;F
EC Tax Review;09282750;F
Econometrics;22251146;F
Economic Issues (formerly: British Review of Economic Issues);13637029;F
Economic Theory Bulletin;21961085;F
Economics and Business Letters;22544380;F
Economics and Finance Research;21649480;F
Economies;22277099;F
Ekonomia (formerly: Cyprus Journal of Economics);10255508;F
Enterprise Modelling and Information Systems Architectures;1866621 ;F
Ephemera: Critical Dialogues on Organization;14732866;F
EURO Journal on Decision Processes;21939438;F
EURO Journal on Transportation and Logistics;21924376;F
European Business Journal;0955808X;F
European Journal of Economics and Economic Policies: Intervention (formaly: Intervention: European Journal of Economics and Economic Policies);20527764;F
Journal of European Industrial Training (JEIT);03090590;F
European Journal of Management;15554015;F
European Taxation;00143138;F
European Work and Organizational Psychology in practice;14640643;F
Europäische Zeitschrift für Wirtschaftsrecht;09377204;F
Europäisches Wirtschafts und Steuerrecht. Betriebs-Berater für Europarecht;09383050;F
FinanzRundschau;0940452X;F
FIU Hospitality Review;07397011;F
FORBES;00156914;F
Frontiers of Entrepreneurship Research;07407416;F
Gender in Management: An International Journal;09649425;F
GFK Marketing Intelligence Review;18655866;F
Greener Management International: The Journal of Corporate Environmental Strategy and Practice;09669671;F
Gruppendynamik und Organisationsberatung - Zeitschrift für angewandte Sozialpsychologie (formerly: Gruppendynamik);00466514;F
Health Systems;20476965;F
Historical Studies in Industrial Relations;13621572;F
HMD - Praxis der Wirtschaftsinformatik;14363011;F
Hochschulmanagement. Zeitschrift für die Leitung, Entwicklung und Selbstverwaltung von Hochschulen und Wissenschaftseinrichtungen;18603025;F
IBM Systems Journal;00188670;F
"IEEE Transactions on Cybernetics (formerly ""IEEE Transactions on Systems Man and Cybernetics Part C (Applications and Reviews)"")";10946977;F
IEEE Transactions on Systems, Man, and Cybernetics, Part B: Cybernetics;10834419;F
IEEE Transactions on Systems, Man, and Cybernetics - Part A: Systems and Humans;10834427;F
Industrial Relations Journal;00198692;F
INFORMS Transactions on Education;15320545;F
Innovative Verwaltung (formerly: Verwaltung Organisation Personal);16189876;F
Interdisciplinary Journal of Economics and Business Law;20478747;F
Internal Auditor;00205745;F
International Business and Economics Research Journal;15350754;F
International Journal of Business Environment;17400589;F
International Journal of Business Intelligence Research (IJBIR);19473591;F
International Journal of Business Strategy;15539563;F
International Journal of Cases on Electronic Commerce;15480615;F
International Journal of Comparative Labour Law and Industrial Relations;0952617x;F
International Journal Of Computational Economics And Econometrics;17571170;F
International Journal Of Critical Accounting;17579848;F
International Journal of Economics and Accounting;2041868X;F
International Journal of Employment Studies;10396993;F
International Journal of Finance;10412743;F
International Journal of Government Auditing;00470724;F
International Journal of Happiness and Development;20492790;F
International Journal of Indian Culture and Business Management;17530896;F
International Journal of Management;08130183;F
International Journal of Political Economy;08911916;F
International Journal of Service Science, Management, Engineering, and Technology (IJSSMET);1947959X;F
International Journal of Sociology of Law;10959262;F
International Journal of Sport and Society;21527857;F
International Journal of Sport Management;1546234X;F
International Journal of Strategic Management;15552411;F
International Journal of Sustainable Strategic Management;17533600;F
International Journal of Technology Marketing;1741878X;F
International Journal of Technology Transfer and Commercialisation  (IJTTC);17415284;F
International Public Management Review;16621387;F
International Review of Industrial and Organizational Psychology;08861528;F
International Technology Management Review;22137149;F
Internationale WirtschaftsBriefe;00209368;F
Internationales Steuerrecht;09426744;F
Internationales Verkehrswesen;00209511;F
Intertax;01652826;F
io new management;16605683;F
Irish Journal of Management;1649248X;F
Zeitschrift für Internationale Rechnungslegung;18625533;F
GfK Marketing Intelligence Review (formerly: Jahrbuch der Absatz- und Verbrauchsforschung);00213985;F
Jahrbuch der KMU-Forschung und -praxis;verschiedene ISBN;F
Jahrbuch Vertriebs- und Handelsmanagement (formerly: Jahrbuch Handelsmanagement);verschiedene ISBN;F
"Japanese Political Economy (formaly: Japanese Economy Japanese Economics Studies)""""""";2329194X;F
Journal for General Philosophy of Science;0925560 ;F
Journal of Academy of Business and Economics;15428710;F
Journal of Accountancy;00218448;F
Journal of Accounting and Management Information Systems;15834387;F
Journal of Accounting and Taxation;21416664;F
Journal of Accounting in Emerging Economies;20421168;F
Journal of Advertising Education;10980482;F
Journal of Applied Corporate Finance;10781196;F
Journal of Business;00219398;F
Journal of Business Ethics Education;16495195;F
Journal of Business Law;00219460;F
Journal of Business Market Management;18640753;F
Journal of Business Strategies;08872058;F
Jahrbuch Strategisches KompetenzManagement;21997179;F
Journal of Consumer Satisfaction, Dissatisfaction and Complaining Behavior;08998620;F
Journal of Corporate Accounting & Finance;10448136;F
Journal of Customer Behaviour;14753928;F
Journal of Developing Areas;0022037X;F
Journal of Econometric Methods;21946345;F
Journal of Energy Markets;17563607;F
Journal of Enterprising Culture;02184958;F
"Journal of Entrepreneurial Finance and Business Ventures (formerly: Journal of Entrepreneurial and Small Business Finance Journal of Entrepreneurial Finance Journal of Small Business Finance)""""""";15519570;F
Journal of Environmental Sustainability (eingestellt 2013);21592519;F
Journal of European Economic History;03915115;F
Journal of Family Business Management;20436238;F
Journal of Finance and Management in Public Services;14751283;F
Journal Of Financial Management Markets And Institutions;2282717X;F
Journal Of Financial Market Infrastructures;20495404;F
Journal of Forensic Accounting;15245586;F
Journal of Forensic and Investigative Accounting;21653755;F
Journal of Forensic Studies in Accounting and Business;19429053;F
Journal of Gambling Business and Economics;17518008;F
Journal of Global Responsibility;20412568;F
Journal of Governmental & Nonprofit Accounting;21553815;F
Journal of Income Distribution;09266437;F
Journal of Industrial Engineering;2314882 ;F
Journal of Information Technology Management;10421319;F
Journal of Information Technology. Theory and Application;15324516;F
Journal of Information, Information Technology, and Organizations;15571327;F
Journal of Investment Strategies;20471238;F
Journal of Islamic Economics, Banking and Finance;20704658;F
Journal of Marketing Behavior;2326568X;F
Journal of Organizational Behavior Education;16497627;F
Journal of Prediction Markets;1750676X;F
Journal of Small Business and Entrepreneurship;08276331;F
Journal of Strategy and Management;1755425X;F
Journal of Technology Management in China;17468779;F
Journal of the Association of Environmental and Resource Economists;23335955;F
Journal of Travel and Tourism Research;13028545;F
KoR: Zeitschrift für internationale und kapitalmarktorientierte Rechnungslegung;16178084;F
kösdi. Kölner Steuerdialog;01721720;F
Künstliche Intelligenz;09331875;F
Labour & Industry: a journal of the social and economic relations of work;10301763;F
LABOUR-LE TRAVAIL;07003862;F
Logistics Information Management;09576053;F
M@n@gement online;12864892;F
Man and the Economy;21969647;F
Management Accounting Quarterly;15285359;F
Managementforschung Jahrbuch;16156005;F
Marketing Education Review;10528008;F
Marketing Review St. Gallen (formerly: Thexis);18656544;F
Marketing Theory and Applications (Proceedings of the AMA Winter Educators' Conference );10540806;F
Marketing. Zeitschrift für Forschung und Praxis (Marketing ZFP);03441369;F
Mathematical Economics Letters;21954623;F
Medienwirtschaft - Zeitschrift für Medienmanagement und Kommunikationsökonomie;16130669;F
Multinational Finance Journal;10961879;F
Museum Management and Curatorship;02604779;F
NeuroPsychoEconomics;18614523;F
Nonprofit Policy Forum;21543348;F
NWB Steuer- und Wirtschaftsrecht - NWB direkt (früher: Neue WirtschaftsBriefe);18609449;F
Online Journal of Applied Knowledge Management;23254688;F
Operations Management Education Review;16497082;F
Operations Research Proceedings (formerly: Proceedings in Operations Research);07215924;F
Organisationsentwicklung;07246110;F
Pacific Accounting Review;01140582;F
Pacific Asia Journal of the Association for Information Systems;19437544;F
Pacific Journal of Optimization;13489151;F
PERSONALquarterly (früher: Personal: Zeitschrift für Human Ressource Management);00315605;F
Proceedings of the European Marketing Academy Conference (EMAC);0;F
Enhancing Knowledge Development in Marketing (Proceedings of the AMA Summer Educators' Conference);08881839;F
Proceedings of the Americas Conference on Information Systems (AMCIS);0;F
Proceedings of the European Conference on Information Systems (ECIS);0;F
Proceedings of the International Conference on Conceptual Modeling & The Entity Relationship Approach (ER);0;F
Proceedings of the International Conference on Design Science Research in Information Systems and Technology (DESRIST);0;F
Proceedings of the International Conference on Information Systems (ICIS);0;F
Tagungsbände der Wirtschaftsinformatik (WI);0;F
Proceedings of Multikonferenz Wirtschaftsinformatik (MKWI2010);0;F
Proceedings of the Annual Pacific Asia Conference on Information Systems;0;F
Production and Inventory Management Journal;08978336;F
Public Administration Quarterly;07349149;F
Quantitative and Qualitative Analysis in Social Sciences;17528925;F
Quarterly Journal of Finance;20101392;F
Real Estate Finance;0748318X;F
RELATIONS INDUSTRIELLES-INDUSTRIAL RELATIONS;0034379X;F
Research in Governmental and Non-Profit Accounting;08840741;F
Research Journal of Finance and Accounting;22221697;F
Review of Asset Pricing Studies;20459920;F
Review of Behavioral Economics;23266198;F
Review of Behavioral Finance;19405979;F
Review of Corporate Finance Studies;20469128;F
Review of Economic Analysis;19733909;F
Review of Economics(formerly: Jahrbuch für Wirtschaftswissenschaften);9485139;F
Revue Internationale PME;07765436;F
Recht der Internationalen Wirtschaft;03407926;F
Österreichische Zeitschrift für Recht und Rechnungswesen RWZ (formerly: Österreichische Zeitschrift für Rechnungswesen);10183779;F
Schmalenbach Business Review;14392917;F
Schmollers Jahrbuch: Journal Of Contextual Economics( (formerly: Zeitschrift für Wirtschafts- und Sozialwissenschaften Schmollers Jahrbuch für Wirtschafts- und Sozialwissenschaften);143921X ;F
Schweizer Treuhänder;0036746X;F
Singapore Management Review;01295977;F
Social Business;20444087;F
Social Enterprise Journal;17508614;F
Society and Business Review;17465680;F
South African Journal of Information Management;1560683X;F
South African Journal of Labour Relations;03798410;F
Sport Marketing Quarterly;10616934;F
Steuer und Wirtschaft;03412954;F
Strategic Behavior and the Environment;1944012X;F
Supply Chain Management Review;15219747;F
SWI - Steuer und Wirtschaft International;1025806X;F
Schweizerische Zeitschrift für Volkswirtschaft und Statistik / Swiss Journal of Economics and Statistics;03039692;F
Tamara. Journal of Critical Postmodern Organization Science;15325555;F
Tax Notes International;10483306;F
Tax Planning International Review;03097900;F
The Journal of Corporate Citizenship;14705001;F
Theoretical Economics Letters;21622078;F
Tourism Recreation Research;02508281;F
Transfer. Werbeforschung und Praxis;1436789X;F
UmsatzsteuerRundschau;03418669;F
Umweltwirtschaftsforum;09433481;F
Verwaltung und Management; 0949856;F
WiST, Wirtschaftswissenschaftliches Studium;03401650;F
Das Wirtschaftsstudium;03403084;F
World Tax Journal;18784917;F
Zeitschrift für Bankrecht und Bankwirtschaft;09362800;F
Zeitschrift für Corporate Governance;18628702;F
Zeitschrift für angewandte Umweltforschung;09339027;F
Zeitschrift für Arbeitswissenschaft;03402444;F
Zeitschrift für das gesamte Kreditwesen;03414019;F
Zeitschrift für Energiewirtschaft;03435377;F
Zeitschrift für Management;18614264;F
Zeitschrift für Umweltpolitik und Umweltrecht/Journal of Environmental Law and Policy(ZfU);09310983;F
Zeitschrift für Unternehmens- und Gesellschaftsrecht;16127048;F
Zeitschrift für Unternehmensgeschichte;03422852;F
Zeitschrift für Verkehrswissenschaft;00443670;F
Zeitschrift für Versicherungswesen;05142784;F
Zeitschrift für Wirtschafts- und Unternehmensethik;1439880X;F
Zeitschrift Interne Revision;00443816;F
ZfbF Schmalenbachs Zeitschrift für betriebswirtschaftliche Forschung;03412687;F
Zeitschrift für das gesamte Genossenschaftswesen (ZfgG);00442429;F
"ZfKE - Zeitschrift für KMU und Entrepreneurship (formerly: Zeitschrift für Klein- und Mittelunternehmen IGA - Internationales Gewerbearchiv)""""""";18604633;F
Zeitschrift Führung und Organisation zfo (formerly: Zeitschrift für Organisation ZfO);07227485;F
Zeitschrift für Immobilienökonomie;16114051;F
Zeitschrift für öffentliche und gemeinwirtschaftliche Unternehmen;03449777;F
Ökologisches Wirtschaften;14308800;F
Österreichische Steuerzeitung;00299529;F
